survey,target,country,condition,arm,disambiguator,embedding_model,k_spec,k,captured_importance,oracle_acc,model_acc,random_acc,majority,value_over_random,cost_of_imperfect,error
afrobarometer,Q67A,Angola,unprompted,C,nemotron,all-mpnet-base-v2,model,8,0.0,0.9324,0.5893,0.7092,0.5042,-0.1199,0.3431,
afrobarometer,Q67A,Angola,unprompted,C,nemotron,all-mpnet-base-v2,k5,5,0.0,0.9399,0.6002,0.633,0.5042,-0.0328,0.3397,
afrobarometer,Q67A,Angola,unprompted,C,nemotron,all-mpnet-base-v2,k10,8,0.0,0.9324,0.5893,0.7092,0.5042,-0.1199,0.3431,
afrobarometer,Q67A,Angola,country_provided,C,nemotron,all-mpnet-base-v2,model,9,0.0,0.9374,0.6219,0.7118,0.5042,-0.0899,0.3155,
afrobarometer,Q67A,Angola,country_provided,C,nemotron,all-mpnet-base-v2,k5,5,0.0,0.9399,0.586,0.633,0.5042,-0.047,0.3539,
afrobarometer,Q67A,Angola,country_provided,C,nemotron,all-mpnet-base-v2,k10,9,0.0,0.9374,0.6219,0.7118,0.5042,-0.0899,0.3155,
afrobarometer,Q67A,Mali,unprompted,C,nemotron,all-mpnet-base-v2,model,13,0.0,0.9942,0.6692,0.7881,0.5925,-0.1189,0.325,
afrobarometer,Q67A,Mali,unprompted,C,nemotron,all-mpnet-base-v2,k5,5,0.0,0.9942,0.6183,0.6878,0.5925,-0.0695,0.3759,
afrobarometer,Q67A,Mali,unprompted,C,nemotron,all-mpnet-base-v2,k10,10,0.0,0.9942,0.6608,0.7807,0.5925,-0.1199,0.3334,
afrobarometer,Q67A,Mali,country_provided,C,nemotron,all-mpnet-base-v2,model,10,0.0,0.9942,0.655,0.7807,0.5925,-0.1257,0.3392,
afrobarometer,Q67A,Mali,country_provided,C,nemotron,all-mpnet-base-v2,k5,5,0.0,0.9942,0.5783,0.6878,0.5925,-0.1095,0.4159,
afrobarometer,Q67A,Mali,country_provided,C,nemotron,all-mpnet-base-v2,k10,10,0.0,0.9942,0.655,0.7807,0.5925,-0.1257,0.3392,
afrobarometer,Q67A,Gabon,unprompted,C,nemotron,all-mpnet-base-v2,model,11,0.0,0.9983,0.7242,0.8117,0.6958,-0.0875,0.2741,
afrobarometer,Q67A,Gabon,unprompted,C,nemotron,all-mpnet-base-v2,k5,5,0.0,0.9983,0.7067,0.7511,0.6958,-0.0444,0.2916,
afrobarometer,Q67A,Gabon,unprompted,C,nemotron,all-mpnet-base-v2,k10,10,0.0,0.9983,0.7208,0.8139,0.6958,-0.0931,0.2775,
afrobarometer,Q67A,Gabon,country_provided,C,nemotron,all-mpnet-base-v2,model,11,0.0,0.9983,0.7267,0.8117,0.6958,-0.085,0.2716,
afrobarometer,Q67A,Gabon,country_provided,C,nemotron,all-mpnet-base-v2,k5,5,0.0,0.9983,0.7158,0.7511,0.6958,-0.0353,0.2825,
afrobarometer,Q67A,Gabon,country_provided,C,nemotron,all-mpnet-base-v2,k10,10,0.0,0.9983,0.7258,0.8139,0.6958,-0.0881,0.2725,
afrobarometer,Q93B,Mali,unprompted,C,nemotron,all-mpnet-base-v2,model,7,0.7869,0.4837,0.4603,0.3023,0.3222,0.158,0.0234,
afrobarometer,Q93B,Mali,unprompted,C,nemotron,all-mpnet-base-v2,k5,5,0.6812,0.4803,0.4075,0.3024,0.3222,0.1051,0.0728,
afrobarometer,Q93B,Mali,unprompted,C,nemotron,all-mpnet-base-v2,k10,7,0.7869,0.4837,0.4603,0.3023,0.3222,0.158,0.0234,
afrobarometer,Q93B,Mali,country_provided,C,nemotron,all-mpnet-base-v2,model,7,0.6019,0.4837,0.4092,0.3023,0.3222,0.1069,0.0745,
afrobarometer,Q93B,Mali,country_provided,C,nemotron,all-mpnet-base-v2,k5,5,0.6427,0.4803,0.4126,0.3024,0.3222,0.1102,0.0677,
afrobarometer,Q93B,Mali,country_provided,C,nemotron,all-mpnet-base-v2,k10,7,0.6019,0.4837,0.4092,0.3023,0.3222,0.1069,0.0745,
afrobarometer,Q93B,Gabon,unprompted,C,nemotron,all-mpnet-base-v2,model,5,0.3023,0.3829,0.3535,0.1911,0.2191,0.1624,0.0294,
afrobarometer,Q93B,Gabon,unprompted,C,nemotron,all-mpnet-base-v2,k5,5,0.3023,0.3829,0.3535,0.1911,0.2191,0.1624,0.0294,
afrobarometer,Q93B,Gabon,unprompted,C,nemotron,all-mpnet-base-v2,k10,5,0.3023,0.3829,0.3535,0.1911,0.2191,0.1624,0.0294,
afrobarometer,Q93B,Gabon,country_provided,C,nemotron,all-mpnet-base-v2,model,7,0.2827,0.3879,0.3384,0.1918,0.2191,0.1466,0.0495,
afrobarometer,Q93B,Gabon,country_provided,C,nemotron,all-mpnet-base-v2,k5,5,0.2977,0.3829,0.3468,0.1911,0.2191,0.1557,0.0361,
afrobarometer,Q93B,Gabon,country_provided,C,nemotron,all-mpnet-base-v2,k10,7,0.2827,0.3879,0.3384,0.1918,0.2191,0.1466,0.0495,
afrobarometer,Q93B,Angola,unprompted,C,nemotron,all-mpnet-base-v2,model,6,0.4016,0.3783,0.3917,0.2821,0.2408,0.1096,-0.0134,
afrobarometer,Q93B,Angola,unprompted,C,nemotron,all-mpnet-base-v2,k5,5,0.4537,0.345,0.3892,0.2739,0.2408,0.1153,-0.0442,
afrobarometer,Q93B,Angola,unprompted,C,nemotron,all-mpnet-base-v2,k10,6,0.4016,0.3783,0.3917,0.2821,0.2408,0.1096,-0.0134,
afrobarometer,Q93B,Angola,country_provided,C,nemotron,all-mpnet-base-v2,model,10,0.3721,0.3692,0.3967,0.2862,0.2408,0.1105,-0.0275,
afrobarometer,Q93B,Angola,country_provided,C,nemotron,all-mpnet-base-v2,k5,5,0.4537,0.345,0.3817,0.2739,0.2408,0.1078,-0.0367,
afrobarometer,Q93B,Angola,country_provided,C,nemotron,all-mpnet-base-v2,k10,10,0.3721,0.3692,0.3967,0.2862,0.2408,0.1105,-0.0275,
afrobarometer,Q15,Angola,unprompted,C,nemotron,all-mpnet-base-v2,model,11,0.1011,0.4308,0.3575,0.3131,0.3475,0.0444,0.0733,
afrobarometer,Q15,Angola,unprompted,C,nemotron,all-mpnet-base-v2,k5,5,0.0764,0.405,0.3392,0.3073,0.3475,0.0319,0.0658,
afrobarometer,Q15,Angola,unprompted,C,nemotron,all-mpnet-base-v2,k10,10,0.0794,0.4233,0.3517,0.3134,0.3475,0.0383,0.0716,
afrobarometer,Q15,Angola,country_provided,C,nemotron,all-mpnet-base-v2,model,14,0.1246,0.4358,0.3225,0.3305,0.3475,-0.008,0.1133,
afrobarometer,Q15,Angola,country_provided,C,nemotron,all-mpnet-base-v2,k5,5,0.121,0.405,0.31,0.3073,0.3475,0.0027,0.095,
afrobarometer,Q15,Angola,country_provided,C,nemotron,all-mpnet-base-v2,k10,10,0.0952,0.4233,0.3292,0.3134,0.3475,0.0158,0.0941,
afrobarometer,Q18,Gabon,unprompted,C,nemotron,all-mpnet-base-v2,model,11,0.1481,0.3799,0.3573,0.3335,0.2879,0.0238,0.0226,
afrobarometer,Q18,Gabon,unprompted,C,nemotron,all-mpnet-base-v2,k5,5,0.098,0.3531,0.3473,0.3078,0.2879,0.0395,0.0058,
afrobarometer,Q18,Gabon,unprompted,C,nemotron,all-mpnet-base-v2,k10,10,0.1477,0.364,0.3506,0.3246,0.2879,0.026,0.0134,
afrobarometer,Q18,Gabon,country_provided,C,nemotron,all-mpnet-base-v2,model,12,0.2376,0.3883,0.3372,0.3338,0.2879,0.0034,0.0511,
afrobarometer,Q18,Gabon,country_provided,C,nemotron,all-mpnet-base-v2,k5,5,0.0882,0.3531,0.2803,0.3078,0.2879,-0.0275,0.0728,
afrobarometer,Q18,Gabon,country_provided,C,nemotron,all-mpnet-base-v2,k10,10,0.2159,0.364,0.3389,0.3246,0.2879,0.0143,0.0251,
afrobarometer,Q18,Angola,unprompted,C,nemotron,all-mpnet-base-v2,model,12,0.0,0.3475,0.3083,0.2708,0.2733,0.0375,0.0392,
afrobarometer,Q18,Angola,unprompted,C,nemotron,all-mpnet-base-v2,k5,5,0.0,0.3358,0.3058,0.2542,0.2733,0.0516,0.03,
afrobarometer,Q18,Angola,unprompted,C,nemotron,all-mpnet-base-v2,k10,10,0.0,0.3392,0.3183,0.2703,0.2733,0.048,0.0209,
afrobarometer,Q18,Angola,country_provided,C,nemotron,all-mpnet-base-v2,model,17,0.0182,0.3567,0.3425,0.2933,0.2733,0.0492,0.0142,
afrobarometer,Q18,Angola,country_provided,C,nemotron,all-mpnet-base-v2,k5,5,0.0,0.3358,0.3008,0.2542,0.2733,0.0466,0.035,
afrobarometer,Q18,Angola,country_provided,C,nemotron,all-mpnet-base-v2,k10,10,0.0,0.3392,0.2875,0.2703,0.2733,0.0172,0.0517,
afrobarometer,Q18,Mali,unprompted,C,nemotron,all-mpnet-base-v2,model,13,0.3121,0.4779,0.4411,0.4122,0.4277,0.0289,0.0368,
afrobarometer,Q18,Mali,unprompted,C,nemotron,all-mpnet-base-v2,k5,5,0.2208,0.4703,0.3801,0.3891,0.4277,-0.009,0.0902,
afrobarometer,Q18,Mali,unprompted,C,nemotron,all-mpnet-base-v2,k10,10,0.3167,0.4562,0.4144,0.4005,0.4277,0.0139,0.0418,
afrobarometer,Q18,Mali,country_provided,C,nemotron,all-mpnet-base-v2,model,12,0.2612,0.4704,0.4244,0.4099,0.4277,0.0145,0.046,
afrobarometer,Q18,Mali,country_provided,C,nemotron,all-mpnet-base-v2,k5,5,0.039,0.4703,0.3425,0.3891,0.4277,-0.0466,0.1278,
afrobarometer,Q18,Mali,country_provided,C,nemotron,all-mpnet-base-v2,k10,10,0.2667,0.4562,0.4269,0.4005,0.4277,0.0264,0.0293,
afrobarometer,Q15,Mali,unprompted,C,nemotron,all-mpnet-base-v2,model,4,0.0,0.4525,0.4467,0.4067,0.435,0.04,0.0058,
afrobarometer,Q15,Mali,unprompted,C,nemotron,all-mpnet-base-v2,k5,4,0.0,0.4525,0.4467,0.4067,0.435,0.04,0.0058,
afrobarometer,Q15,Mali,unprompted,C,nemotron,all-mpnet-base-v2,k10,4,0.0,0.4525,0.4467,0.4067,0.435,0.04,0.0058,
afrobarometer,Q15,Mali,country_provided,C,nemotron,all-mpnet-base-v2,model,13,0.3021,0.4642,0.4217,0.3943,0.435,0.0274,0.0425,
afrobarometer,Q15,Mali,country_provided,C,nemotron,all-mpnet-base-v2,k5,5,0.0755,0.4633,0.345,0.392,0.435,-0.047,0.1183,
afrobarometer,Q15,Mali,country_provided,C,nemotron,all-mpnet-base-v2,k10,10,0.0494,0.4667,0.3775,0.3898,0.435,-0.0123,0.0892,
arabbarometer,Q534_2,Iraq,unprompted,C,nemotron,all-mpnet-base-v2,model,9,0.0,0.4547,0.6056,0.4053,0.3466,0.2003,-0.1509,
arabbarometer,Q534_2,Iraq,unprompted,C,nemotron,all-mpnet-base-v2,k5,4,0.0,0.4152,0.6014,0.3577,0.3466,0.2437,-0.1862,
arabbarometer,Q534_2,Iraq,unprompted,C,nemotron,all-mpnet-base-v2,k10,9,0.0,0.4547,0.6056,0.4053,0.3466,0.2003,-0.1509,
arabbarometer,Q534_2,Iraq,country_provided,C,nemotron,all-mpnet-base-v2,model,15,0.2267,0.4813,0.6671,0.4174,0.3466,0.2497,-0.1858,
arabbarometer,Q534_2,Iraq,country_provided,C,nemotron,all-mpnet-base-v2,k5,5,0.4038,0.4555,0.4318,0.3699,0.3466,0.0619,0.0237,
arabbarometer,Q534_2,Iraq,country_provided,C,nemotron,all-mpnet-base-v2,k10,9,0.275,0.4547,0.4514,0.4053,0.3466,0.0461,0.0033,
arabbarometer,Q501E_2,Mauritania,unprompted,C,nemotron,all-mpnet-base-v2,model,12,0.1667,0.6837,0.5986,0.5518,0.5556,0.0468,0.0851,
arabbarometer,Q501E_2,Mauritania,unprompted,C,nemotron,all-mpnet-base-v2,k5,5,0.2857,0.6243,0.5902,0.5408,0.5556,0.0494,0.0341,
arabbarometer,Q501E_2,Mauritania,unprompted,C,nemotron,all-mpnet-base-v2,k10,8,0.2,0.6496,0.5812,0.5454,0.5556,0.0358,0.0684,
arabbarometer,Q501E_2,Mauritania,country_provided,C,nemotron,all-mpnet-base-v2,model,14,0.1667,0.6583,0.5725,0.5625,0.5556,0.01,0.0858,
arabbarometer,Q501E_2,Mauritania,country_provided,C,nemotron,all-mpnet-base-v2,k5,4,0.25,0.5475,0.5384,0.5341,0.5556,0.0043,0.0091,
arabbarometer,Q501E_2,Mauritania,country_provided,C,nemotron,all-mpnet-base-v2,k10,9,0.1905,0.65,0.6069,0.5487,0.5556,0.0582,0.0431,
arabbarometer,Q630,Mauritania,unprompted,C,nemotron,all-mpnet-base-v2,model,10,0.0541,0.5105,0.4044,0.3941,0.3266,0.0103,0.1061,
arabbarometer,Q630,Mauritania,unprompted,C,nemotron,all-mpnet-base-v2,k5,5,0.0472,0.4319,0.3743,0.3446,0.3266,0.0297,0.0576,
arabbarometer,Q630,Mauritania,unprompted,C,nemotron,all-mpnet-base-v2,k10,9,0.0585,0.4929,0.4068,0.3821,0.3266,0.0247,0.0861,
arabbarometer,Q630,Mauritania,country_provided,C,nemotron,all-mpnet-base-v2,model,18,0.1315,0.5481,0.4996,0.4357,0.3266,0.0639,0.0485,
arabbarometer,Q630,Mauritania,country_provided,C,nemotron,all-mpnet-base-v2,k5,5,0.0849,0.4319,0.386,0.3446,0.3266,0.0414,0.0459,
arabbarometer,Q630,Mauritania,country_provided,C,nemotron,all-mpnet-base-v2,k10,10,0.0541,0.5105,0.4077,0.3941,0.3266,0.0136,0.1028,
arabbarometer,Q534_2,Mauritania,unprompted,C,nemotron,all-mpnet-base-v2,model,9,0.102,0.53,0.6117,0.4378,0.3867,0.1739,-0.0817,
arabbarometer,Q534_2,Mauritania,unprompted,C,nemotron,all-mpnet-base-v2,k5,5,0.1515,0.4817,0.5625,0.4126,0.3867,0.1499,-0.0808,
arabbarometer,Q534_2,Mauritania,unprompted,C,nemotron,all-mpnet-base-v2,k10,9,0.102,0.53,0.6117,0.4378,0.3867,0.1739,-0.0817,
arabbarometer,Q534_2,Mauritania,country_provided,C,nemotron,all-mpnet-base-v2,model,11,0.2193,0.5392,0.5808,0.4487,0.3867,0.1321,-0.0416,
arabbarometer,Q534_2,Mauritania,country_provided,C,nemotron,all-mpnet-base-v2,k5,5,0.3788,0.4817,0.3908,0.4126,0.3867,-0.0218,0.0909,
arabbarometer,Q534_2,Mauritania,country_provided,C,nemotron,all-mpnet-base-v2,k10,10,0.2358,0.5375,0.5458,0.4383,0.3867,0.1075,-0.0083,
arabbarometer,Q534_2,Kuwait,unprompted,C,nemotron,all-mpnet-base-v2,model,9,0.0625,0.3791,0.6291,0.3523,0.3063,0.2768,-0.25,
arabbarometer,Q534_2,Kuwait,unprompted,C,nemotron,all-mpnet-base-v2,k5,5,0.0,0.3105,0.6299,0.3165,0.3063,0.3134,-0.3194,
arabbarometer,Q534_2,Kuwait,unprompted,C,nemotron,all-mpnet-base-v2,k10,9,0.0625,0.3791,0.6291,0.3523,0.3063,0.2768,-0.25,
arabbarometer,Q534_2,Kuwait,country_provided,C,nemotron,all-mpnet-base-v2,model,9,0.0357,0.3791,0.697,0.3523,0.3063,0.3447,-0.3179,
arabbarometer,Q534_2,Kuwait,country_provided,C,nemotron,all-mpnet-base-v2,k5,4,0.069,0.3262,0.5107,0.3104,0.3063,0.2003,-0.1845,
arabbarometer,Q534_2,Kuwait,country_provided,C,nemotron,all-mpnet-base-v2,k10,9,0.0357,0.3791,0.697,0.3523,0.3063,0.3447,-0.3179,
arabbarometer,Q630,Kuwait,unprompted,C,nemotron,all-mpnet-base-v2,model,9,0.0238,0.4108,0.4249,0.366,0.3793,0.0589,-0.0141,
arabbarometer,Q630,Kuwait,unprompted,C,nemotron,all-mpnet-base-v2,k5,5,0.0,0.4058,0.371,0.3636,0.3793,0.0074,0.0348,
arabbarometer,Q630,Kuwait,unprompted,C,nemotron,all-mpnet-base-v2,k10,9,0.0238,0.4108,0.4249,0.366,0.3793,0.0589,-0.0141,
arabbarometer,Q630,Kuwait,country_provided,C,nemotron,all-mpnet-base-v2,model,11,0.3478,0.4141,0.39,0.3702,0.3793,0.0198,0.0241,
arabbarometer,Q630,Kuwait,country_provided,C,nemotron,all-mpnet-base-v2,k5,5,0.0,0.4058,0.3544,0.3636,0.3793,-0.0092,0.0514,
arabbarometer,Q630,Kuwait,country_provided,C,nemotron,all-mpnet-base-v2,k10,10,0.1136,0.4083,0.3876,0.3666,0.3793,0.021,0.0207,
arabbarometer,Q104,Mauritania,unprompted,C,nemotron,all-mpnet-base-v2,model,15,0.3571,0.8217,0.9875,0.8648,0.7775,0.1227,-0.1658,
arabbarometer,Q104,Mauritania,unprompted,C,nemotron,all-mpnet-base-v2,k5,5,0.4552,0.7733,0.7558,0.8109,0.7775,-0.0551,0.0175,
arabbarometer,Q104,Mauritania,unprompted,C,nemotron,all-mpnet-base-v2,k10,9,0.4213,0.7975,0.7617,0.8415,0.7775,-0.0798,0.0358,
arabbarometer,Q104,Mauritania,country_provided,C,nemotron,all-mpnet-base-v2,model,17,0.5734,0.8233,0.825,0.9389,0.7775,-0.1139,-0.0017,
arabbarometer,Q104,Mauritania,country_provided,C,nemotron,all-mpnet-base-v2,k5,5,0.7517,0.7733,0.7633,0.8109,0.7775,-0.0476,0.01,
arabbarometer,Q104,Mauritania,country_provided,C,nemotron,all-mpnet-base-v2,k10,10,0.6555,0.81,0.7942,0.8657,0.7775,-0.0715,0.0158,
asianbarometer,SE2,Indonesia,unprompted,C,nemotron,all-mpnet-base-v2,model,5,0.0119,0.8604,0.5455,0.6028,0.5,-0.0573,0.3149,
asianbarometer,SE2,Indonesia,unprompted,C,nemotron,all-mpnet-base-v2,k5,5,0.0119,0.8604,0.5455,0.6028,0.5,-0.0573,0.3149,
asianbarometer,SE2,Indonesia,unprompted,C,nemotron,all-mpnet-base-v2,k10,5,0.0119,0.8604,0.5455,0.6028,0.5,-0.0573,0.3149,
asianbarometer,SE2,Indonesia,country_provided,C,nemotron,all-mpnet-base-v2,model,5,0.0496,0.8604,0.6799,0.6028,0.5,0.0771,0.1805,
asianbarometer,SE2,Indonesia,country_provided,C,nemotron,all-mpnet-base-v2,k5,5,0.0496,0.8604,0.6799,0.6028,0.5,0.0771,0.1805,
asianbarometer,SE2,Indonesia,country_provided,C,nemotron,all-mpnet-base-v2,k10,5,0.0496,0.8604,0.6799,0.6028,0.5,0.0771,0.1805,
asianbarometer,SE13a,Indonesia,unprompted,C,nemotron,all-mpnet-base-v2,model,14,0.01,0.5519,0.2338,0.291,0.2805,-0.0572,0.3181,
asianbarometer,SE13a,Indonesia,unprompted,C,nemotron,all-mpnet-base-v2,k5,5,0.0,0.561,0.2188,0.2645,0.2805,-0.0457,0.3422,
asianbarometer,SE13a,Indonesia,unprompted,C,nemotron,all-mpnet-base-v2,k10,10,0.0037,0.5513,0.2279,0.2642,0.2805,-0.0363,0.3234,
asianbarometer,SE13a,Indonesia,country_provided,C,nemotron,all-mpnet-base-v2,model,13,0.6463,0.5422,0.5981,0.2904,0.2805,0.3077,-0.0559,
asianbarometer,SE13a,Indonesia,country_provided,C,nemotron,all-mpnet-base-v2,k5,5,0.7813,0.561,0.5636,0.2645,0.2805,0.2991,-0.0026,
asianbarometer,SE13a,Indonesia,country_provided,C,nemotron,all-mpnet-base-v2,k10,10,0.6852,0.5513,0.5851,0.2642,0.2805,0.3209,-0.0338,
asianbarometer,level,Indonesia,unprompted,C,nemotron,all-mpnet-base-v2,model,5,0.5484,0.7201,0.6779,0.5438,0.5065,0.1341,0.0422,
asianbarometer,level,Indonesia,unprompted,C,nemotron,all-mpnet-base-v2,k5,5,0.5484,0.7201,0.6779,0.5438,0.5065,0.1341,0.0422,
asianbarometer,level,Indonesia,unprompted,C,nemotron,all-mpnet-base-v2,k10,5,0.5484,0.7201,0.6779,0.5438,0.5065,0.1341,0.0422,
asianbarometer,level,Indonesia,country_provided,C,nemotron,all-mpnet-base-v2,model,6,0.1985,0.7416,0.7052,0.5586,0.5065,0.1466,0.0364,
asianbarometer,level,Indonesia,country_provided,C,nemotron,all-mpnet-base-v2,k5,5,0.2016,0.7201,0.674,0.5438,0.5065,0.1302,0.0461,
asianbarometer,level,Indonesia,country_provided,C,nemotron,all-mpnet-base-v2,k10,6,0.1985,0.7416,0.7052,0.5586,0.5065,0.1466,0.0364,
asianbarometer,SE13a,Australia,unprompted,C,nemotron,all-mpnet-base-v2,model,17,0.3197,0.3509,0.2545,0.2351,0.2414,0.0194,0.0964,
asianbarometer,SE13a,Australia,unprompted,C,nemotron,all-mpnet-base-v2,k5,5,0.1983,0.3559,0.2224,0.2361,0.2414,-0.0137,0.1335,
asianbarometer,SE13a,Australia,unprompted,C,nemotron,all-mpnet-base-v2,k10,10,0.3434,0.3411,0.2727,0.2444,0.2414,0.0283,0.0684,
asianbarometer,SE13a,Australia,country_provided,C,nemotron,all-mpnet-base-v2,model,13,0.2362,0.3452,0.2496,0.2396,0.2414,0.01,0.0956,
asianbarometer,SE13a,Australia,country_provided,C,nemotron,all-mpnet-base-v2,k5,5,0.1777,0.3559,0.243,0.2361,0.2414,0.0069,0.1129,
asianbarometer,SE13a,Australia,country_provided,C,nemotron,all-mpnet-base-v2,k10,10,0.2458,0.3411,0.2463,0.2444,0.2414,0.0019,0.0948,
asianbarometer,SE14a,Mongolia,unprompted,C,nemotron,all-mpnet-base-v2,model,11,0.4984,0.4826,0.4605,0.3707,0.3728,0.0898,0.0221,
asianbarometer,SE14a,Mongolia,unprompted,C,nemotron,all-mpnet-base-v2,k5,5,0.5328,0.4644,0.4597,0.3655,0.3728,0.0942,0.0047,
asianbarometer,SE14a,Mongolia,unprompted,C,nemotron,all-mpnet-base-v2,k10,10,0.5047,0.4826,0.4534,0.3738,0.3728,0.0796,0.0292,
asianbarometer,SE14a,Mongolia,country_provided,C,nemotron,all-mpnet-base-v2,model,7,0.4842,0.5032,0.4661,0.3803,0.3728,0.0858,0.0371,
asianbarometer,SE14a,Mongolia,country_provided,C,nemotron,all-mpnet-base-v2,k5,5,0.5656,0.4644,0.4676,0.3655,0.3728,0.1021,-0.0032,
asianbarometer,SE14a,Mongolia,country_provided,C,nemotron,all-mpnet-base-v2,k10,7,0.4842,0.5032,0.4661,0.3803,0.3728,0.0858,0.0371,
asianbarometer,SE13a,Mongolia,unprompted,C,nemotron,all-mpnet-base-v2,model,12,0.7235,0.3855,0.3815,0.2931,0.3618,0.0884,0.004,
asianbarometer,SE13a,Mongolia,unprompted,C,nemotron,all-mpnet-base-v2,k5,5,0.1542,0.4107,0.3128,0.3415,0.3618,-0.0287,0.0979,
asianbarometer,SE13a,Mongolia,unprompted,C,nemotron,all-mpnet-base-v2,k10,10,0.752,0.3878,0.376,0.3051,0.3618,0.0709,0.0118,
asianbarometer,SE13a,Mongolia,country_provided,C,nemotron,all-mpnet-base-v2,model,12,0.6667,0.3855,0.3926,0.2931,0.3618,0.0995,-0.0071,
asianbarometer,SE13a,Mongolia,country_provided,C,nemotron,all-mpnet-base-v2,k5,5,0.0841,0.4107,0.3286,0.3415,0.3618,-0.0129,0.0821,
asianbarometer,SE13a,Mongolia,country_provided,C,nemotron,all-mpnet-base-v2,k10,10,0.6732,0.3878,0.3863,0.3051,0.3618,0.0812,0.0015,
asianbarometer,SE7a,Australia,unprompted,C,nemotron,all-mpnet-base-v2,model,8,0.8174,0.5703,0.6179,0.5,0.5226,0.1179,-0.0476,
asianbarometer,SE7a,Australia,unprompted,C,nemotron,all-mpnet-base-v2,k5,5,0.8807,0.5752,0.5736,0.5218,0.5226,0.0518,0.0016,
asianbarometer,SE7a,Australia,unprompted,C,nemotron,all-mpnet-base-v2,k10,8,0.8174,0.5703,0.6179,0.5,0.5226,0.1179,-0.0476,
asianbarometer,SE7a,Australia,country_provided,C,nemotron,all-mpnet-base-v2,model,10,0.8208,0.5727,0.6188,0.5064,0.5226,0.1124,-0.0461,
asianbarometer,SE7a,Australia,country_provided,C,nemotron,all-mpnet-base-v2,k5,5,0.1376,0.5752,0.4675,0.5218,0.5226,-0.0543,0.1077,
asianbarometer,SE7a,Australia,country_provided,C,nemotron,all-mpnet-base-v2,k10,10,0.8208,0.5727,0.6188,0.5064,0.5226,0.1124,-0.0461,
asianbarometer,SE2,Mongolia,unprompted,C,nemotron,all-mpnet-base-v2,model,7,0.2165,0.6885,0.5907,0.6068,0.6207,-0.0161,0.0978,
asianbarometer,SE2,Mongolia,unprompted,C,nemotron,all-mpnet-base-v2,k5,5,0.0687,0.7098,0.5852,0.6157,0.6207,-0.0305,0.1246,
asianbarometer,SE2,Mongolia,unprompted,C,nemotron,all-mpnet-base-v2,k10,7,0.2165,0.6885,0.5907,0.6068,0.6207,-0.0161,0.0978,
asianbarometer,SE2,Mongolia,country_provided,C,nemotron,all-mpnet-base-v2,model,4,0.0687,0.7169,0.5915,0.6152,0.6207,-0.0237,0.1254,
asianbarometer,SE2,Mongolia,country_provided,C,nemotron,all-mpnet-base-v2,k5,4,0.0687,0.7169,0.5915,0.6152,0.6207,-0.0237,0.1254,
asianbarometer,SE2,Mongolia,country_provided,C,nemotron,all-mpnet-base-v2,k10,4,0.0687,0.7169,0.5915,0.6152,0.6207,-0.0237,0.1254,
asianbarometer,SE2,Australia,unprompted,C,nemotron,all-mpnet-base-v2,model,5,0.3179,0.6048,0.5095,0.5262,0.5045,-0.0167,0.0953,
asianbarometer,SE2,Australia,unprompted,C,nemotron,all-mpnet-base-v2,k5,5,0.3179,0.6048,0.5095,0.5262,0.5045,-0.0167,0.0953,
asianbarometer,SE2,Australia,unprompted,C,nemotron,all-mpnet-base-v2,k10,5,0.3179,0.6048,0.5095,0.5262,0.5045,-0.0167,0.0953,
asianbarometer,SE2,Australia,country_provided,C,nemotron,all-mpnet-base-v2,model,1,0.3673,0.5662,0.4971,0.4891,0.5045,0.008,0.0691,
asianbarometer,SE2,Australia,country_provided,C,nemotron,all-mpnet-base-v2,k5,1,0.3673,0.5662,0.4971,0.4891,0.5045,0.008,0.0691,
asianbarometer,SE2,Australia,country_provided,C,nemotron,all-mpnet-base-v2,k10,1,0.3673,0.5662,0.4971,0.4891,0.5045,0.008,0.0691,
asianbarometer,SE14a,Indonesia,unprompted,C,nemotron,all-mpnet-base-v2,model,10,0.2171,0.4223,0.3494,0.3534,0.3735,-0.004,0.0729,
asianbarometer,SE14a,Indonesia,unprompted,C,nemotron,all-mpnet-base-v2,k5,5,0.0846,0.4066,0.3097,0.3609,0.3735,-0.0512,0.0969,
asianbarometer,SE14a,Indonesia,unprompted,C,nemotron,all-mpnet-base-v2,k10,10,0.2171,0.4223,0.3494,0.3534,0.3735,-0.004,0.0729,
asianbarometer,SE14a,Indonesia,country_provided,C,nemotron,all-mpnet-base-v2,model,11,0.5187,0.4314,0.4203,0.3546,0.3735,0.0657,0.0111,
asianbarometer,SE14a,Indonesia,country_provided,C,nemotron,all-mpnet-base-v2,k5,5,0.3229,0.4066,0.3819,0.3609,0.3735,0.021,0.0247,
asianbarometer,SE14a,Indonesia,country_provided,C,nemotron,all-mpnet-base-v2,k10,10,0.2961,0.4223,0.3936,0.3534,0.3735,0.0402,0.0287,
ess_wave_11,stfgov,Italy,unprompted,C,nemotron,all-mpnet-base-v2,model,15,0.0353,0.355,0.2391,0.1621,0.1634,0.077,0.1159,
ess_wave_11,stfgov,Italy,unprompted,C,nemotron,all-mpnet-base-v2,k5,5,0.02,0.3647,0.2045,0.1584,0.1634,0.0461,0.1602,
ess_wave_11,stfgov,Italy,unprompted,C,nemotron,all-mpnet-base-v2,k10,10,0.028,0.3487,0.2178,0.1583,0.1634,0.0595,0.1309,
ess_wave_11,stfgov,Italy,country_provided,C,nemotron,all-mpnet-base-v2,model,14,0.4179,0.3449,0.3222,0.1585,0.1634,0.1637,0.0227,
ess_wave_11,stfgov,Italy,country_provided,C,nemotron,all-mpnet-base-v2,k5,5,0.0982,0.3647,0.2412,0.1584,0.1634,0.0828,0.1235,
ess_wave_11,stfgov,Italy,country_provided,C,nemotron,all-mpnet-base-v2,k10,10,0.4483,0.3487,0.3106,0.1583,0.1634,0.1523,0.0381,
ess_wave_11,eqparlv,Italy,unprompted,C,nemotron,all-mpnet-base-v2,model,18,0.0921,0.5414,0.4674,0.3935,0.3613,0.0739,0.074,
ess_wave_11,eqparlv,Italy,unprompted,C,nemotron,all-mpnet-base-v2,k5,5,0.0621,0.5173,0.4021,0.3675,0.3613,0.0346,0.1152,
ess_wave_11,eqparlv,Italy,unprompted,C,nemotron,all-mpnet-base-v2,k10,10,0.1143,0.5309,0.444,0.3804,0.3613,0.0636,0.0869,
ess_wave_11,eqparlv,Italy,country_provided,C,nemotron,all-mpnet-base-v2,model,13,0.1055,0.5351,0.4293,0.3952,0.3613,0.0341,0.1058,
ess_wave_11,eqparlv,Italy,country_provided,C,nemotron,all-mpnet-base-v2,k5,5,0.1017,0.5173,0.363,0.3675,0.3613,-0.0045,0.1543,
ess_wave_11,eqparlv,Italy,country_provided,C,nemotron,all-mpnet-base-v2,k10,10,0.0816,0.5309,0.4223,0.3804,0.3613,0.0419,0.1086,
ess_wave_11,stfgov,Austria,unprompted,C,nemotron,all-mpnet-base-v2,model,14,0.3653,0.3288,0.2906,0.1701,0.1674,0.1205,0.0382,
ess_wave_11,stfgov,Austria,unprompted,C,nemotron,all-mpnet-base-v2,k5,5,0.2253,0.3309,0.2311,0.1681,0.1674,0.063,0.0998,
ess_wave_11,stfgov,Austria,unprompted,C,nemotron,all-mpnet-base-v2,k10,10,0.4251,0.3186,0.2791,0.1757,0.1674,0.1034,0.0395,
ess_wave_11,stfgov,Austria,country_provided,C,nemotron,all-mpnet-base-v2,model,18,0.6082,0.3377,0.3284,0.1726,0.1674,0.1558,0.0093,
ess_wave_11,stfgov,Austria,country_provided,C,nemotron,all-mpnet-base-v2,k5,5,0.2321,0.3309,0.212,0.1681,0.1674,0.0439,0.1189,
ess_wave_11,stfgov,Austria,country_provided,C,nemotron,all-mpnet-base-v2,k10,10,0.442,0.3186,0.271,0.1757,0.1674,0.0953,0.0476,
ess_wave_11,stfgov,France,unprompted,C,nemotron,all-mpnet-base-v2,model,19,0.5717,0.3371,0.3145,0.1698,0.179,0.1447,0.0226,
ess_wave_11,stfgov,France,unprompted,C,nemotron,all-mpnet-base-v2,k5,5,0.1,0.3286,0.1462,0.1694,0.179,-0.0232,0.1824,
ess_wave_11,stfgov,France,unprompted,C,nemotron,all-mpnet-base-v2,k10,10,0.1319,0.3343,0.14,0.167,0.179,-0.027,0.1943,
ess_wave_11,stfgov,France,country_provided,C,nemotron,all-mpnet-base-v2,model,16,0.3401,0.332,0.2959,0.1646,0.179,0.1313,0.0361,
ess_wave_11,stfgov,France,country_provided,C,nemotron,all-mpnet-base-v2,k5,5,0.0687,0.3286,0.1609,0.1694,0.179,-0.0085,0.1677,
ess_wave_11,stfgov,France,country_provided,C,nemotron,all-mpnet-base-v2,k10,10,0.3056,0.3343,0.2688,0.167,0.179,0.1018,0.0655,
ess_wave_11,eqparlv,Austria,unprompted,C,nemotron,all-mpnet-base-v2,model,14,0.0828,0.3945,0.3362,0.2866,0.2655,0.0496,0.0583,
ess_wave_11,eqparlv,Austria,unprompted,C,nemotron,all-mpnet-base-v2,k5,5,0.0406,0.3549,0.2613,0.2654,0.2655,-0.0041,0.0936,
ess_wave_11,eqparlv,Austria,unprompted,C,nemotron,all-mpnet-base-v2,k10,10,0.0286,0.3655,0.2779,0.2774,0.2655,0.0005,0.0876,
ess_wave_11,eqparlv,Austria,country_provided,C,nemotron,all-mpnet-base-v2,model,17,0.2148,0.4004,0.2974,0.285,0.2655,0.0124,0.103,
ess_wave_11,eqparlv,Austria,country_provided,C,nemotron,all-mpnet-base-v2,k5,5,0.0406,0.3549,0.2489,0.2654,0.2655,-0.0165,0.106,
ess_wave_11,eqparlv,Austria,country_provided,C,nemotron,all-mpnet-base-v2,k10,10,0.1328,0.3655,0.2757,0.2774,0.2655,-0.0017,0.0898,
ess_wave_11,eqparlv,France,unprompted,C,nemotron,all-mpnet-base-v2,model,9,0.0517,0.3631,0.3043,0.3156,0.3241,-0.0113,0.0588,
ess_wave_11,eqparlv,France,unprompted,C,nemotron,all-mpnet-base-v2,k5,5,0.015,0.3592,0.315,0.3183,0.3241,-0.0033,0.0442,
ess_wave_11,eqparlv,France,unprompted,C,nemotron,all-mpnet-base-v2,k10,9,0.0517,0.3631,0.3043,0.3156,0.3241,-0.0113,0.0588,
ess_wave_11,eqparlv,France,country_provided,C,nemotron,all-mpnet-base-v2,model,11,0.1354,0.3688,0.345,0.3086,0.3241,0.0364,0.0238,
ess_wave_11,eqparlv,France,country_provided,C,nemotron,all-mpnet-base-v2,k5,5,0.0226,0.3592,0.2969,0.3183,0.3241,-0.0214,0.0623,
ess_wave_11,eqparlv,France,country_provided,C,nemotron,all-mpnet-base-v2,k10,10,0.1038,0.3711,0.3456,0.3138,0.3241,0.0318,0.0255,
ess_wave_11,bctprd,France,unprompted,C,nemotron,all-mpnet-base-v2,model,12,0.1267,0.6642,0.6258,0.5836,0.6116,0.0422,0.0384,
ess_wave_11,bctprd,France,unprompted,C,nemotron,all-mpnet-base-v2,k5,5,0.0928,0.6427,0.5919,0.6024,0.6116,-0.0105,0.0508,
ess_wave_11,bctprd,France,unprompted,C,nemotron,all-mpnet-base-v2,k10,10,0.0725,0.6631,0.6088,0.583,0.6116,0.0258,0.0543,
ess_wave_11,bctprd,France,country_provided,C,nemotron,all-mpnet-base-v2,model,11,0.1806,0.6699,0.6275,0.5846,0.6116,0.0429,0.0424,
ess_wave_11,bctprd,France,country_provided,C,nemotron,all-mpnet-base-v2,k5,5,0.0928,0.6427,0.593,0.6024,0.6116,-0.0094,0.0497,
ess_wave_11,bctprd,France,country_provided,C,nemotron,all-mpnet-base-v2,k10,10,0.1522,0.6631,0.6162,0.583,0.6116,0.0332,0.0469,
ess_wave_11,bctprd,Austria,unprompted,C,nemotron,all-mpnet-base-v2,model,10,0.1757,0.7948,0.7382,0.738,0.7561,0.0002,0.0566,
ess_wave_11,bctprd,Austria,unprompted,C,nemotron,all-mpnet-base-v2,k5,5,0.0437,0.8016,0.7135,0.7488,0.7561,-0.0353,0.0881,
ess_wave_11,bctprd,Austria,unprompted,C,nemotron,all-mpnet-base-v2,k10,10,0.1757,0.7948,0.7382,0.738,0.7561,0.0002,0.0566,
ess_wave_11,bctprd,Austria,country_provided,C,nemotron,all-mpnet-base-v2,model,12,0.1942,0.7982,0.7437,0.7411,0.7561,0.0026,0.0545,
ess_wave_11,bctprd,Austria,country_provided,C,nemotron,all-mpnet-base-v2,k5,5,0.0437,0.8016,0.7092,0.7488,0.7561,-0.0396,0.0924,
ess_wave_11,bctprd,Austria,country_provided,C,nemotron,all-mpnet-base-v2,k10,10,0.1081,0.7948,0.7339,0.738,0.7561,-0.0041,0.0609,
latinobarometer,P8STGBS,Guatemala,unprompted,C,nemotron,all-mpnet-base-v2,model,9,0.8082,0.5717,0.5634,0.3808,0.3738,0.1826,0.0083,
latinobarometer,P8STGBS,Guatemala,unprompted,C,nemotron,all-mpnet-base-v2,k5,5,0.0293,0.5937,0.3267,0.393,0.3738,-0.0663,0.267,
latinobarometer,P8STGBS,Guatemala,unprompted,C,nemotron,all-mpnet-base-v2,k10,9,0.8082,0.5717,0.5634,0.3808,0.3738,0.1826,0.0083,
latinobarometer,P8STGBS,Guatemala,country_provided,C,nemotron,all-mpnet-base-v2,model,12,0.0539,0.5958,0.3445,0.3969,0.3738,-0.0524,0.2513,
latinobarometer,P8STGBS,Guatemala,country_provided,C,nemotron,all-mpnet-base-v2,k5,5,0.0266,0.5937,0.3058,0.393,0.3738,-0.0872,0.2879,
latinobarometer,P8STGBS,Guatemala,country_provided,C,nemotron,all-mpnet-base-v2,k10,9,0.0336,0.5717,0.3319,0.3808,0.3738,-0.0489,0.2398,
latinobarometer,SEXO,Colombia,unprompted,C,nemotron,all-mpnet-base-v2,model,1,0.0,0.625,0.5258,0.5266,0.5258,-0.0008,0.0992,
latinobarometer,SEXO,Colombia,unprompted,C,nemotron,all-mpnet-base-v2,k5,1,0.0,0.625,0.5258,0.5266,0.5258,-0.0008,0.0992,
latinobarometer,SEXO,Colombia,unprompted,C,nemotron,all-mpnet-base-v2,k10,1,0.0,0.625,0.5258,0.5266,0.5258,-0.0008,0.0992,
latinobarometer,SEXO,Colombia,country_provided,C,nemotron,all-mpnet-base-v2,model,3,0.0206,0.6608,0.5025,0.5483,0.5258,-0.0458,0.1583,
latinobarometer,SEXO,Colombia,country_provided,C,nemotron,all-mpnet-base-v2,k5,3,0.0206,0.6608,0.5025,0.5483,0.5258,-0.0458,0.1583,
latinobarometer,SEXO,Colombia,country_provided,C,nemotron,all-mpnet-base-v2,k10,3,0.0206,0.6608,0.5025,0.5483,0.5258,-0.0458,0.1583,
latinobarometer,SEXO,Guatemala,country_provided,C,nemotron,all-mpnet-base-v2,model,1,0.0,0.633,0.5,0.5334,0.53,-0.0334,0.133,
latinobarometer,SEXO,Guatemala,country_provided,C,nemotron,all-mpnet-base-v2,k5,1,0.0,0.633,0.5,0.5334,0.53,-0.0334,0.133,
latinobarometer,SEXO,Guatemala,country_provided,C,nemotron,all-mpnet-base-v2,k10,1,0.0,0.633,0.5,0.5334,0.53,-0.0334,0.133,
latinobarometer,P8STGBS,Argentina,unprompted,C,nemotron,all-mpnet-base-v2,model,8,0.7603,0.4764,0.4825,0.3681,0.3927,0.1144,-0.0061,
latinobarometer,P8STGBS,Argentina,unprompted,C,nemotron,all-mpnet-base-v2,k5,5,0.0679,0.4869,0.3473,0.3758,0.3927,-0.0285,0.1396,
latinobarometer,P8STGBS,Argentina,unprompted,C,nemotron,all-mpnet-base-v2,k10,8,0.7603,0.4764,0.4825,0.3681,0.3927,0.1144,-0.0061,
latinobarometer,P8STGBS,Argentina,country_provided,C,nemotron,all-mpnet-base-v2,model,15,0.116,0.4991,0.4188,0.3922,0.3927,0.0266,0.0803,
latinobarometer,P8STGBS,Argentina,country_provided,C,nemotron,all-mpnet-base-v2,k5,5,0.0714,0.4869,0.3325,0.3758,0.3927,-0.0433,0.1544,
latinobarometer,P8STGBS,Argentina,country_provided,C,nemotron,all-mpnet-base-v2,k10,10,0.1183,0.4904,0.3717,0.383,0.3927,-0.0113,0.1187,
latinobarometer,P8STGBS,Colombia,unprompted,C,nemotron,all-mpnet-base-v2,model,12,0.1069,0.3881,0.3455,0.3049,0.3055,0.0406,0.0426,
latinobarometer,P8STGBS,Colombia,unprompted,C,nemotron,all-mpnet-base-v2,k5,5,0.0511,0.3643,0.2979,0.3009,0.3055,-0.003,0.0664,
latinobarometer,P8STGBS,Colombia,unprompted,C,nemotron,all-mpnet-base-v2,k10,9,0.1087,0.3736,0.3362,0.2956,0.3055,0.0406,0.0374,
latinobarometer,P8STGBS,Colombia,country_provided,C,nemotron,all-mpnet-base-v2,model,13,0.0738,0.3932,0.3217,0.3055,0.3055,0.0162,0.0715,
latinobarometer,P8STGBS,Colombia,country_provided,C,nemotron,all-mpnet-base-v2,k5,5,0.0511,0.3643,0.2877,0.3009,0.3055,-0.0132,0.0766,
latinobarometer,P8STGBS,Colombia,country_provided,C,nemotron,all-mpnet-base-v2,k10,10,0.083,0.3847,0.297,0.3021,0.3055,-0.0051,0.0877,
latinobarometer,SEXO,Argentina,unprompted,C,nemotron,all-mpnet-base-v2,model,1,0.0,0.5792,0.5492,0.5233,0.52,0.0259,0.03,
latinobarometer,SEXO,Argentina,unprompted,C,nemotron,all-mpnet-base-v2,k5,1,0.0,0.5792,0.5492,0.5233,0.52,0.0259,0.03,
latinobarometer,SEXO,Argentina,unprompted,C,nemotron,all-mpnet-base-v2,k10,1,0.0,0.5792,0.5492,0.5233,0.52,0.0259,0.03,
latinobarometer,SEXO,Argentina,country_provided,C,nemotron,all-mpnet-base-v2,model,3,0.1261,0.5975,0.5383,0.525,0.52,0.0133,0.0592,
latinobarometer,SEXO,Argentina,country_provided,C,nemotron,all-mpnet-base-v2,k5,3,0.1261,0.5975,0.5383,0.525,0.52,0.0133,0.0592,
latinobarometer,SEXO,Argentina,country_provided,C,nemotron,all-mpnet-base-v2,k10,3,0.1261,0.5975,0.5383,0.525,0.52,0.0133,0.0592,
latinobarometer,S20.A,Colombia,unprompted,C,nemotron,all-mpnet-base-v2,model,6,0.6313,0.6524,0.6684,0.5958,0.6246,0.0726,-0.016,
latinobarometer,S20.A,Colombia,unprompted,C,nemotron,all-mpnet-base-v2,k5,5,0.685,0.6557,0.6583,0.597,0.6246,0.0613,-0.0026,
latinobarometer,S20.A,Colombia,unprompted,C,nemotron,all-mpnet-base-v2,k10,6,0.6313,0.6524,0.6684,0.5958,0.6246,0.0726,-0.016,
latinobarometer,S20.A,Colombia,country_provided,C,nemotron,all-mpnet-base-v2,model,5,0.055,0.6557,0.6153,0.597,0.6246,0.0183,0.0404,
latinobarometer,S20.A,Colombia,country_provided,C,nemotron,all-mpnet-base-v2,k5,5,0.055,0.6557,0.6153,0.597,0.6246,0.0183,0.0404,
latinobarometer,S20.A,Colombia,country_provided,C,nemotron,all-mpnet-base-v2,k10,5,0.055,0.6557,0.6153,0.597,0.6246,0.0183,0.0404,
latinobarometer,S20.A,Guatemala,unprompted,C,nemotron,all-mpnet-base-v2,model,4,0.6353,0.6583,0.6955,0.6348,0.6543,0.0607,-0.0372,
latinobarometer,S20.A,Guatemala,unprompted,C,nemotron,all-mpnet-base-v2,k5,4,0.6353,0.6583,0.6955,0.6348,0.6543,0.0607,-0.0372,
latinobarometer,S20.A,Guatemala,unprompted,C,nemotron,all-mpnet-base-v2,k10,4,0.6353,0.6583,0.6955,0.6348,0.6543,0.0607,-0.0372,
latinobarometer,S20.A,Guatemala,country_provided,C,nemotron,all-mpnet-base-v2,model,5,0.33,0.6653,0.6342,0.6264,0.6543,0.0078,0.0311,
latinobarometer,S20.A,Guatemala,country_provided,C,nemotron,all-mpnet-base-v2,k5,5,0.33,0.6653,0.6342,0.6264,0.6543,0.0078,0.0311,
latinobarometer,S20.A,Guatemala,country_provided,C,nemotron,all-mpnet-base-v2,k10,5,0.33,0.6653,0.6342,0.6264,0.6543,0.0078,0.0311,
latinobarometer,P61ST,Guatemala,unprompted,C,nemotron,all-mpnet-base-v2,model,14,0.2701,0.2547,0.1677,0.1923,0.2096,-0.0246,0.087,
latinobarometer,P61ST,Guatemala,unprompted,C,nemotron,all-mpnet-base-v2,k5,4,0.0,0.2652,0.1876,0.1964,0.2096,-0.0088,0.0776,
latinobarometer,P61ST,Guatemala,unprompted,C,nemotron,all-mpnet-base-v2,k10,9,0.1574,0.2181,0.1761,0.1836,0.2096,-0.0075,0.042,
latinobarometer,P61ST,Guatemala,country_provided,C,nemotron,all-mpnet-base-v2,model,19,0.1914,0.2369,0.2044,0.2006,0.2096,0.0038,0.0325,
latinobarometer,P61ST,Guatemala,country_provided,C,nemotron,all-mpnet-base-v2,k5,5,0.038,0.2443,0.1666,0.1873,0.2096,-0.0207,0.0777,
latinobarometer,P61ST,Guatemala,country_provided,C,nemotron,all-mpnet-base-v2,k10,10,0.1491,0.239,0.1855,0.182,0.2096,0.0035,0.0535,
wvs,Q263,Macao SAR,unprompted,C,nemotron,all-mpnet-base-v2,model,8,0.569,0.8424,0.8413,0.5978,0.5828,0.2435,0.0011,
wvs,Q263,Macao SAR,unprompted,C,nemotron,all-mpnet-base-v2,k5,5,0.4789,0.858,0.8227,0.5962,0.5828,0.2265,0.0353,
wvs,Q263,Macao SAR,unprompted,C,nemotron,all-mpnet-base-v2,k10,8,0.569,0.8424,0.8413,0.5978,0.5828,0.2435,0.0011,
wvs,Q263,Macao SAR,country_provided,C,nemotron,all-mpnet-base-v2,model,7,0.4778,0.857,0.8423,0.5949,0.5828,0.2474,0.0147,
wvs,Q263,Macao SAR,country_provided,C,nemotron,all-mpnet-base-v2,k5,5,0.493,0.858,0.8042,0.5962,0.5828,0.208,0.0538,
wvs,Q263,Macao SAR,country_provided,C,nemotron,all-mpnet-base-v2,k10,7,0.4778,0.857,0.8423,0.5949,0.5828,0.2474,0.0147,
wvs,Q40,Andorra,unprompted,C,nemotron,all-mpnet-base-v2,model,17,0.5187,0.502,0.4223,0.306,0.2849,0.1163,0.0797,
wvs,Q40,Andorra,unprompted,C,nemotron,all-mpnet-base-v2,k5,5,0.1556,0.509,0.243,0.2917,0.2849,-0.0487,0.266,
wvs,Q40,Andorra,unprompted,C,nemotron,all-mpnet-base-v2,k10,10,0.5931,0.497,0.4034,0.2892,0.2849,0.1142,0.0936,
wvs,Q40,Andorra,country_provided,C,nemotron,all-mpnet-base-v2,model,15,0.2915,0.493,0.2878,0.303,0.2849,-0.0152,0.2052,
wvs,Q40,Andorra,country_provided,C,nemotron,all-mpnet-base-v2,k5,5,0.1467,0.509,0.2401,0.2917,0.2849,-0.0516,0.2689,
wvs,Q40,Andorra,country_provided,C,nemotron,all-mpnet-base-v2,k10,10,0.2524,0.497,0.2649,0.2892,0.2849,-0.0243,0.2321,
wvs,Q205,Andorra,unprompted,C,nemotron,all-mpnet-base-v2,model,7,0.1557,0.6444,0.6185,0.3718,0.4054,0.2467,0.0259,
wvs,Q205,Andorra,unprompted,C,nemotron,all-mpnet-base-v2,k5,5,0.0487,0.6554,0.5937,0.3787,0.4054,0.215,0.0617,
wvs,Q205,Andorra,unprompted,C,nemotron,all-mpnet-base-v2,k10,7,0.1557,0.6444,0.6185,0.3718,0.4054,0.2467,0.0259,
wvs,Q205,Andorra,country_provided,C,nemotron,all-mpnet-base-v2,model,9,0.1597,0.6464,0.6135,0.3703,0.4054,0.2432,0.0329,
wvs,Q205,Andorra,country_provided,C,nemotron,all-mpnet-base-v2,k5,5,0.0487,0.6554,0.5787,0.3787,0.4054,0.2,0.0767,
wvs,Q205,Andorra,country_provided,C,nemotron,all-mpnet-base-v2,k10,9,0.1597,0.6464,0.6135,0.3703,0.4054,0.2432,0.0329,
wvs,Q205,Macao SAR,unprompted,C,nemotron,all-mpnet-base-v2,model,7,0.6131,0.5299,0.5005,0.3374,0.346,0.1631,0.0294,
wvs,Q205,Macao SAR,unprompted,C,nemotron,all-mpnet-base-v2,k5,5,0.0541,0.5182,0.4223,0.3439,0.346,0.0784,0.0959,
wvs,Q205,Macao SAR,unprompted,C,nemotron,all-mpnet-base-v2,k10,7,0.6131,0.5299,0.5005,0.3374,0.346,0.1631,0.0294,
wvs,Q205,Macao SAR,country_provided,C,nemotron,all-mpnet-base-v2,model,8,0.5085,0.5279,0.4556,0.3328,0.346,0.1228,0.0723,
wvs,Q205,Macao SAR,country_provided,C,nemotron,all-mpnet-base-v2,k5,5,0.0676,0.5182,0.4077,0.3439,0.346,0.0638,0.1105,
wvs,Q205,Macao SAR,country_provided,C,nemotron,all-mpnet-base-v2,k10,8,0.5085,0.5279,0.4556,0.3328,0.346,0.1228,0.0723,
wvs,Q205,Germany,unprompted,C,nemotron,all-mpnet-base-v2,model,8,0.6897,0.5481,0.5436,0.3855,0.4407,0.1581,0.0045,
wvs,Q205,Germany,unprompted,C,nemotron,all-mpnet-base-v2,k5,5,0.0084,0.5724,0.387,0.41,0.4407,-0.023,0.1854,
wvs,Q205,Germany,unprompted,C,nemotron,all-mpnet-base-v2,k10,8,0.6897,0.5481,0.5436,0.3855,0.4407,0.1581,0.0045,
wvs,Q205,Germany,country_provided,C,nemotron,all-mpnet-base-v2,model,11,0.025,0.5495,0.5161,0.3796,0.4407,0.1365,0.0334,
wvs,Q205,Germany,country_provided,C,nemotron,all-mpnet-base-v2,k5,5,0.0042,0.5724,0.5128,0.41,0.4407,0.1028,0.0596,
wvs,Q205,Germany,country_provided,C,nemotron,all-mpnet-base-v2,k10,10,0.0219,0.5455,0.5056,0.3809,0.4407,0.1247,0.0399,
wvs,Q242,Macao SAR,unprompted,C,nemotron,all-mpnet-base-v2,model,13,0.1328,0.3392,0.2503,0.2626,0.219,-0.0123,0.0889,
wvs,Q242,Macao SAR,unprompted,C,nemotron,all-mpnet-base-v2,k5,5,0.0574,0.3255,0.2844,0.2215,0.219,0.0629,0.0411,
wvs,Q242,Macao SAR,unprompted,C,nemotron,all-mpnet-base-v2,k10,10,0.1357,0.3265,0.2571,0.2475,0.219,0.0096,0.0694,
wvs,Q242,Macao SAR,country_provided,C,nemotron,all-mpnet-base-v2,model,9,0.2,0.3314,0.2052,0.2442,0.219,-0.039,0.1262,
wvs,Q242,Macao SAR,country_provided,C,nemotron,all-mpnet-base-v2,k5,5,0.1475,0.3255,0.2043,0.2215,0.219,-0.0172,0.1212,
wvs,Q242,Macao SAR,country_provided,C,nemotron,all-mpnet-base-v2,k10,9,0.2,0.3314,0.2052,0.2442,0.219,-0.039,0.1262,
wvs,Q40,Macao SAR,unprompted,C,nemotron,all-mpnet-base-v2,model,20,0.1256,0.5904,0.4311,0.4286,0.4497,0.0025,0.1593,
wvs,Q40,Macao SAR,unprompted,C,nemotron,all-mpnet-base-v2,k5,5,0.0574,0.5678,0.3803,0.44,0.4497,-0.0597,0.1875,
wvs,Q40,Macao SAR,unprompted,C,nemotron,all-mpnet-base-v2,k10,10,0.0443,0.5513,0.4145,0.4192,0.4497,-0.0047,0.1368,
wvs,Q40,Macao SAR,country_provided,C,nemotron,all-mpnet-base-v2,model,11,0.1818,0.5649,0.4711,0.4274,0.4497,0.0437,0.0938,
wvs,Q40,Macao SAR,country_provided,C,nemotron,all-mpnet-base-v2,k5,5,0.0574,0.5678,0.3753,0.44,0.4497,-0.0647,0.1925,
wvs,Q40,Macao SAR,country_provided,C,nemotron,all-mpnet-base-v2,k10,10,0.0443,0.5513,0.4047,0.4192,0.4497,-0.0145,0.1466,
