survey,target,country,type,section,gate,country_rank,role
afrobarometer,Q92A,Zimbabwe,binary,wellbeing,True,1,confirmatory
afrobarometer,Q92A,São Tomé and Príncipe,binary,wellbeing,True,2,confirmatory
afrobarometer,Q92A,Congo-Brazzaville,binary,wellbeing,True,3,confirmatory
afrobarometer,Q92A,Tanzania,binary,wellbeing,True,4,oracle_only
afrobarometer,Q92A,Benin,binary,wellbeing,True,5,oracle_only
afrobarometer,Q92A,Côte d'Ivoire,binary,wellbeing,True,6,oracle_only
afrobarometer,Q92A,Burkina Faso,binary,wellbeing,True,7,oracle_only
afrobarometer,Q92A,Kenya,binary,wellbeing,True,8,oracle_only
afrobarometer,Q92A,Morocco,binary,wellbeing,True,9,oracle_only
afrobarometer,Q92A,Botswana,binary,wellbeing,True,10,oracle_only
afrobarometer,Q67A,Kenya,binary,contemporary_issues,True,1,confirmatory
afrobarometer,Q67A,Angola,binary,contemporary_issues,True,2,confirmatory
afrobarometer,Q67A,Eswatini,binary,contemporary_issues,True,3,confirmatory
afrobarometer,Q67A,Gabon,binary,contemporary_issues,True,4,oracle_only
afrobarometer,Q67A,Morocco,binary,contemporary_issues,True,5,oracle_only
afrobarometer,Q67A,Uganda,binary,contemporary_issues,True,6,oracle_only
afrobarometer,Q67A,Nigeria,binary,contemporary_issues,True,7,oracle_only
afrobarometer,Q67A,Mali,binary,contemporary_issues,True,8,oracle_only
afrobarometer,Q67A,Benin,binary,contemporary_issues,True,9,oracle_only
afrobarometer,Q67A,Seychelles,binary,contemporary_issues,True,10,oracle_only
afrobarometer,Q43A,Cabo Verde,binary,institutional_trust,True,1,confirmatory
afrobarometer,Q43A,Mozambique,binary,institutional_trust,True,2,confirmatory
afrobarometer,Q43A,Tanzania,binary,institutional_trust,True,3,confirmatory
afrobarometer,Q43A,São Tomé and Príncipe,binary,institutional_trust,True,4,oracle_only
afrobarometer,Q43A,Cameroon,binary,institutional_trust,True,5,oracle_only
afrobarometer,Q43A,Gabon,binary,institutional_trust,True,6,oracle_only
afrobarometer,Q43A,Côte d'Ivoire,binary,institutional_trust,True,7,oracle_only
afrobarometer,Q43A,Ghana,binary,institutional_trust,True,8,oracle_only
afrobarometer,Q43A,Congo-Brazzaville,binary,institutional_trust,True,9,oracle_only
afrobarometer,Q43A,Mauritius,binary,institutional_trust,True,10,oracle_only
afrobarometer,Q91A,Liberia,nominal,wellbeing,False,1,confirmatory
afrobarometer,Q91A,Senegal,nominal,wellbeing,False,2,confirmatory
afrobarometer,Q91A,Mauritius,nominal,wellbeing,False,3,confirmatory
afrobarometer,Q91A,Cameroon,nominal,wellbeing,False,4,oracle_only
afrobarometer,Q91A,Ghana,nominal,wellbeing,False,5,oracle_only
afrobarometer,Q91A,Zambia,nominal,wellbeing,False,6,oracle_only
afrobarometer,Q91A,Eswatini,nominal,wellbeing,False,7,oracle_only
afrobarometer,Q91A,Burkina Faso,nominal,wellbeing,False,8,oracle_only
afrobarometer,Q91A,Ethiopia,nominal,wellbeing,False,9,oracle_only
afrobarometer,Q91A,Congo-Brazzaville,nominal,wellbeing,False,10,oracle_only
afrobarometer,Q51B,Morocco,nominal,social_attitudes,False,1,confirmatory
afrobarometer,Q51B,Senegal,nominal,social_attitudes,False,2,confirmatory
afrobarometer,Q51B,Togo,nominal,social_attitudes,False,3,confirmatory
afrobarometer,Q51B,Mali,nominal,social_attitudes,False,4,oracle_only
afrobarometer,Q51B,Burkina Faso,nominal,social_attitudes,False,5,oracle_only
afrobarometer,Q51B,Gambia,nominal,social_attitudes,False,6,oracle_only
afrobarometer,Q51B,South Africa,nominal,social_attitudes,False,7,oracle_only
afrobarometer,Q51B,Cameroon,nominal,social_attitudes,False,8,oracle_only
afrobarometer,Q51B,Sierra Leone,nominal,social_attitudes,False,9,oracle_only
afrobarometer,Q51B,Liberia,nominal,social_attitudes,False,10,oracle_only
afrobarometer,Q72D,Zimbabwe,nominal,contemporary_issues,False,1,confirmatory
afrobarometer,Q72D,Mauritania,nominal,contemporary_issues,False,2,confirmatory
afrobarometer,Q72D,Eswatini,nominal,contemporary_issues,False,3,confirmatory
afrobarometer,Q72D,Gambia,nominal,contemporary_issues,False,4,oracle_only
afrobarometer,Q72D,Liberia,nominal,contemporary_issues,False,5,oracle_only
afrobarometer,Q72D,Mauritius,nominal,contemporary_issues,False,6,oracle_only
afrobarometer,Q72D,Cabo Verde,nominal,contemporary_issues,False,7,oracle_only
afrobarometer,Q72D,Sudan,nominal,contemporary_issues,False,8,oracle_only
afrobarometer,Q72D,Nigeria,nominal,contemporary_issues,False,9,oracle_only
afrobarometer,Q72D,Congo-Brazzaville,nominal,contemporary_issues,False,10,oracle_only
afrobarometer,Q46J,Cameroon,ordinal,institutional_trust,False,1,confirmatory
afrobarometer,Q46J,Tanzania,ordinal,institutional_trust,False,2,confirmatory
afrobarometer,Q46J,São Tomé and Príncipe,ordinal,institutional_trust,False,3,confirmatory
afrobarometer,Q46J,Angola,ordinal,institutional_trust,False,4,oracle_only
afrobarometer,Q46J,Niger,ordinal,institutional_trust,False,5,oracle_only
afrobarometer,Q46J,Sierra Leone,ordinal,institutional_trust,False,6,oracle_only
afrobarometer,Q46J,Senegal,ordinal,institutional_trust,False,7,oracle_only
afrobarometer,Q46J,Guinea,ordinal,institutional_trust,False,8,oracle_only
afrobarometer,Q46J,Gambia,ordinal,institutional_trust,False,9,oracle_only
afrobarometer,Q46J,Zimbabwe,ordinal,institutional_trust,False,10,oracle_only
afrobarometer,Q72C,Madagascar,ordinal,contemporary_issues,False,1,confirmatory
afrobarometer,Q72C,Cabo Verde,ordinal,contemporary_issues,False,2,confirmatory
afrobarometer,Q72C,Sudan,ordinal,contemporary_issues,False,3,confirmatory
afrobarometer,Q72C,Mozambique,ordinal,contemporary_issues,False,4,oracle_only
afrobarometer,Q72C,Seychelles,ordinal,contemporary_issues,False,5,oracle_only
afrobarometer,Q72C,Morocco,ordinal,contemporary_issues,False,6,oracle_only
afrobarometer,Q72C,Gambia,ordinal,contemporary_issues,False,7,oracle_only
afrobarometer,Q72C,Cameroon,ordinal,contemporary_issues,False,8,oracle_only
afrobarometer,Q72C,Guinea,ordinal,contemporary_issues,False,9,oracle_only
afrobarometer,Q72C,Tanzania,ordinal,contemporary_issues,False,10,oracle_only
afrobarometer,Q10B,Benin,ordinal,political_participation,False,1,confirmatory
afrobarometer,Q10B,Uganda,ordinal,political_participation,False,2,confirmatory
afrobarometer,Q10B,Cameroon,ordinal,political_participation,False,3,confirmatory
afrobarometer,Q10B,Sierra Leone,ordinal,political_participation,False,4,oracle_only
afrobarometer,Q10B,Lesotho,ordinal,political_participation,False,5,oracle_only
afrobarometer,Q10B,Eswatini,ordinal,political_participation,False,6,oracle_only
afrobarometer,Q10B,Mauritius,ordinal,political_participation,False,7,oracle_only
afrobarometer,Q10B,Togo,ordinal,political_participation,False,8,oracle_only
afrobarometer,Q10B,Tanzania,ordinal,political_participation,False,9,oracle_only
afrobarometer,Q10B,Congo-Brazzaville,ordinal,political_participation,False,10,oracle_only
afrobarometer,Q90I,Guinea,ordinal,demographics,False,1,confirmatory
afrobarometer,Q90I,Zambia,ordinal,demographics,False,2,confirmatory
afrobarometer,Q90I,Côte d'Ivoire,ordinal,demographics,False,3,confirmatory
afrobarometer,Q90I,Ethiopia,ordinal,demographics,False,4,oracle_only
afrobarometer,Q90I,Tunisia,ordinal,demographics,False,5,oracle_only
afrobarometer,Q90I,Benin,ordinal,demographics,False,6,oracle_only
afrobarometer,Q90I,Namibia,ordinal,demographics,False,7,oracle_only
afrobarometer,Q90I,Seychelles,ordinal,demographics,False,8,oracle_only
afrobarometer,Q90I,Mauritius,ordinal,demographics,False,9,oracle_only
afrobarometer,Q90I,Mozambique,ordinal,demographics,False,10,oracle_only
afrobarometer,Q51A,Gabon,ordinal,social_attitudes,False,1,confirmatory
afrobarometer,Q51A,Cameroon,ordinal,social_attitudes,False,2,confirmatory
afrobarometer,Q51A,Angola,ordinal,social_attitudes,False,3,confirmatory
afrobarometer,Q51A,Sierra Leone,ordinal,social_attitudes,False,4,oracle_only
afrobarometer,Q51A,Mozambique,ordinal,social_attitudes,False,5,oracle_only
afrobarometer,Q51A,Mauritius,ordinal,social_attitudes,False,6,oracle_only
afrobarometer,Q51A,Tanzania,ordinal,social_attitudes,False,7,oracle_only
afrobarometer,Q51A,Seychelles,ordinal,social_attitudes,False,8,oracle_only
afrobarometer,Q51A,Mali,ordinal,social_attitudes,False,9,oracle_only
afrobarometer,Q51A,Benin,ordinal,social_attitudes,False,10,oracle_only
afrobarometer,Q88B,Ghana,ordinal,values_identity,False,1,confirmatory
afrobarometer,Q88B,Lesotho,ordinal,values_identity,False,2,confirmatory
afrobarometer,Q88B,Cabo Verde,ordinal,values_identity,False,3,confirmatory
afrobarometer,Q88B,Madagascar,ordinal,values_identity,False,4,oracle_only
afrobarometer,Q88B,Cameroon,ordinal,values_identity,False,5,oracle_only
afrobarometer,Q88B,São Tomé and Príncipe,ordinal,values_identity,False,6,oracle_only
afrobarometer,Q88B,Uganda,ordinal,values_identity,False,7,oracle_only
afrobarometer,Q88B,Guinea,ordinal,values_identity,False,8,oracle_only
afrobarometer,Q88B,Tunisia,ordinal,values_identity,False,9,oracle_only
afrobarometer,Q88B,Niger,ordinal,values_identity,False,10,oracle_only
afrobarometer,Q6D,Sudan,ordinal,wellbeing,False,1,confirmatory
afrobarometer,Q6D,Mauritius,ordinal,wellbeing,False,2,confirmatory
afrobarometer,Q6D,Morocco,ordinal,wellbeing,False,3,confirmatory
afrobarometer,Q6D,Namibia,ordinal,wellbeing,False,4,oracle_only
afrobarometer,Q6D,Senegal,ordinal,wellbeing,False,5,oracle_only
afrobarometer,Q6D,Togo,ordinal,wellbeing,False,6,oracle_only
afrobarometer,Q6D,Zambia,ordinal,wellbeing,False,7,oracle_only
afrobarometer,Q6D,Botswana,ordinal,wellbeing,False,8,oracle_only
afrobarometer,Q6D,Tunisia,ordinal,wellbeing,False,9,oracle_only
afrobarometer,Q6D,Cameroon,ordinal,wellbeing,False,10,oracle_only
afrobarometer,Q14C,Tanzania,ordinal,political_attitudes,False,1,confirmatory
afrobarometer,Q14C,Morocco,ordinal,political_attitudes,False,2,confirmatory
afrobarometer,Q14C,Zimbabwe,ordinal,political_attitudes,False,3,confirmatory
afrobarometer,Q14C,Madagascar,ordinal,political_attitudes,False,4,oracle_only
afrobarometer,Q14C,Mauritius,ordinal,political_attitudes,False,5,oracle_only
afrobarometer,Q14C,Senegal,ordinal,political_attitudes,False,6,oracle_only
afrobarometer,Q14C,Gambia,ordinal,political_attitudes,False,7,oracle_only
afrobarometer,Q14C,Namibia,ordinal,political_attitudes,False,8,oracle_only
afrobarometer,Q14C,Benin,ordinal,political_attitudes,False,9,oracle_only
afrobarometer,Q14C,Angola,ordinal,political_attitudes,False,10,oracle_only
afrobarometer,Q44D,Mali,ordinal,institutional_trust,False,1,confirmatory
afrobarometer,Q44D,Gabon,ordinal,institutional_trust,False,2,confirmatory
afrobarometer,Q44D,Malawi,ordinal,institutional_trust,False,3,confirmatory
afrobarometer,Q44D,Tunisia,ordinal,institutional_trust,False,4,oracle_only
afrobarometer,Q44D,Côte d'Ivoire,ordinal,institutional_trust,False,5,oracle_only
afrobarometer,Q44D,Lesotho,ordinal,institutional_trust,False,6,oracle_only
afrobarometer,Q44D,Botswana,ordinal,institutional_trust,False,7,oracle_only
afrobarometer,Q44D,Guinea,ordinal,institutional_trust,False,8,oracle_only
afrobarometer,Q44D,Mozambique,ordinal,institutional_trust,False,9,oracle_only
afrobarometer,Q44D,Sierra Leone,ordinal,institutional_trust,False,10,oracle_only
afrobarometer,Q66A,Senegal,ordinal,contemporary_issues,False,1,confirmatory
afrobarometer,Q66A,Gambia,ordinal,contemporary_issues,False,2,confirmatory
afrobarometer,Q66A,Liberia,ordinal,contemporary_issues,False,3,confirmatory
afrobarometer,Q66A,Guinea,ordinal,contemporary_issues,False,4,oracle_only
afrobarometer,Q66A,Nigeria,ordinal,contemporary_issues,False,5,oracle_only
afrobarometer,Q66A,Zambia,ordinal,contemporary_issues,False,6,oracle_only
afrobarometer,Q66A,Gabon,ordinal,contemporary_issues,False,7,oracle_only
afrobarometer,Q66A,Cameroon,ordinal,contemporary_issues,False,8,oracle_only
afrobarometer,Q66A,Burkina Faso,ordinal,contemporary_issues,False,9,oracle_only
afrobarometer,Q66A,Kenya,ordinal,contemporary_issues,False,10,oracle_only
afrobarometer,Q11E,Togo,ordinal,political_participation,True,1,confirmatory
afrobarometer,Q11E,Botswana,ordinal,political_participation,True,2,confirmatory
afrobarometer,Q11E,Zimbabwe,ordinal,political_participation,True,3,confirmatory
afrobarometer,Q11E,Congo-Brazzaville,ordinal,political_participation,True,4,oracle_only
afrobarometer,Q11E,Guinea,ordinal,political_participation,True,5,oracle_only
afrobarometer,Q11E,Mauritania,ordinal,political_participation,True,6,oracle_only
afrobarometer,Q11E,Côte d'Ivoire,ordinal,political_participation,True,7,oracle_only
afrobarometer,Q11E,South Africa,ordinal,political_participation,True,8,oracle_only
afrobarometer,Q11E,Liberia,ordinal,political_participation,True,9,oracle_only
afrobarometer,Q11E,Cameroon,ordinal,political_participation,True,10,oracle_only
afrobarometer,Q90H,Burkina Faso,ordinal,demographics,False,1,confirmatory
afrobarometer,Q90H,Ethiopia,ordinal,demographics,False,2,confirmatory
afrobarometer,Q90H,Mauritius,ordinal,demographics,False,3,confirmatory
afrobarometer,Q90H,Seychelles,ordinal,demographics,False,4,oracle_only
afrobarometer,Q90H,Congo-Brazzaville,ordinal,demographics,False,5,oracle_only
afrobarometer,Q90H,Togo,ordinal,demographics,False,6,oracle_only
afrobarometer,Q90H,Sudan,ordinal,demographics,False,7,oracle_only
afrobarometer,Q90H,South Africa,ordinal,demographics,False,8,oracle_only
afrobarometer,Q90H,São Tomé and Príncipe,ordinal,demographics,False,9,oracle_only
afrobarometer,Q90H,Côte d'Ivoire,ordinal,demographics,False,10,oracle_only
afrobarometer,Q87D,Sudan,ordinal,social_attitudes,False,1,confirmatory
afrobarometer,Q87D,São Tomé and Príncipe,ordinal,social_attitudes,False,2,confirmatory
afrobarometer,Q87D,Zambia,ordinal,social_attitudes,False,3,confirmatory
afrobarometer,Q87D,Uganda,ordinal,social_attitudes,False,4,oracle_only
afrobarometer,Q87D,Morocco,ordinal,social_attitudes,False,5,oracle_only
afrobarometer,Q87D,Malawi,ordinal,social_attitudes,False,6,oracle_only
afrobarometer,Q87D,Liberia,ordinal,social_attitudes,False,7,oracle_only
afrobarometer,Q87D,Namibia,ordinal,social_attitudes,False,8,oracle_only
afrobarometer,Q87D,Angola,ordinal,social_attitudes,False,9,oracle_only
afrobarometer,Q87D,Seychelles,ordinal,social_attitudes,False,10,oracle_only
afrobarometer,Q88A,Liberia,ordinal,values_identity,False,1,confirmatory
afrobarometer,Q88A,Niger,ordinal,values_identity,False,2,confirmatory
afrobarometer,Q88A,Mauritania,ordinal,values_identity,False,3,confirmatory
afrobarometer,Q88A,Sierra Leone,ordinal,values_identity,False,4,oracle_only
afrobarometer,Q88A,Gambia,ordinal,values_identity,False,5,oracle_only
afrobarometer,Q88A,Ethiopia,ordinal,values_identity,False,6,oracle_only
afrobarometer,Q88A,Sudan,ordinal,values_identity,False,7,oracle_only
afrobarometer,Q88A,Gabon,ordinal,values_identity,False,8,oracle_only
afrobarometer,Q88A,Madagascar,ordinal,values_identity,False,9,oracle_only
afrobarometer,Q88A,Benin,ordinal,values_identity,False,10,oracle_only
arabbarometer,Q301C,Mauritania,binary,political_participation,False,1,confirmatory
arabbarometer,Q301C,Iraq,binary,political_participation,False,2,confirmatory
arabbarometer,Q301C,Morocco,binary,political_participation,False,3,confirmatory
arabbarometer,Q104,Palestine,binary,social_attitudes,True,1,confirmatory
arabbarometer,Q104,Mauritania,binary,social_attitudes,True,2,confirmatory
arabbarometer,Q104,Iraq,binary,social_attitudes,True,3,confirmatory
arabbarometer,Q104,Tunisia,binary,social_attitudes,True,4,oracle_only
arabbarometer,Q104,Morocco,binary,social_attitudes,True,5,oracle_only
arabbarometer,Q104,Lebanon,binary,social_attitudes,True,6,oracle_only
arabbarometer,Q104,Jordan,binary,social_attitudes,True,7,oracle_only
arabbarometer,Q104,Kuwait,binary,social_attitudes,True,8,oracle_only
arabbarometer,Q501D,Iraq,binary,political_participation,True,1,confirmatory
arabbarometer,Q501D,Tunisia,binary,political_participation,True,2,confirmatory
arabbarometer,Q501D,Kuwait,binary,political_participation,True,3,confirmatory
arabbarometer,Q501D,Lebanon,binary,political_participation,True,4,oracle_only
arabbarometer,Q501D,Jordan,binary,political_participation,True,5,oracle_only
arabbarometer,Q501D,Palestine,binary,political_participation,True,6,oracle_only
arabbarometer,Q501D,Morocco,binary,political_participation,True,7,oracle_only
arabbarometer,Q501D,Mauritania,binary,political_participation,True,8,oracle_only
arabbarometer,Q276,Lebanon,nominal,institutional_trust,False,1,confirmatory
arabbarometer,Q276,Morocco,nominal,institutional_trust,False,2,confirmatory
arabbarometer,Q276,Iraq,nominal,institutional_trust,False,3,confirmatory
arabbarometer,Q276,Tunisia,nominal,institutional_trust,False,4,oracle_only
arabbarometer,Q276,Kuwait,nominal,institutional_trust,False,5,oracle_only
arabbarometer,Q276,Palestine,nominal,institutional_trust,False,6,oracle_only
arabbarometer,Q276,Jordan,nominal,institutional_trust,False,7,oracle_only
arabbarometer,Q276,Mauritania,nominal,institutional_trust,False,8,oracle_only
arabbarometer,Q112B,Tunisia,nominal,wellbeing,False,1,confirmatory
arabbarometer,Q112B,Palestine,nominal,wellbeing,False,2,confirmatory
arabbarometer,Q112B,Lebanon,nominal,wellbeing,False,3,confirmatory
arabbarometer,Q112B,Mauritania,nominal,wellbeing,False,4,oracle_only
arabbarometer,Q112B,Morocco,nominal,wellbeing,False,5,oracle_only
arabbarometer,Q112B,Jordan,nominal,wellbeing,False,6,oracle_only
arabbarometer,Q112B,Iraq,nominal,wellbeing,False,7,oracle_only
arabbarometer,Q548_2,Lebanon,nominal,contemporary_issues,False,1,confirmatory
arabbarometer,Q548_2,Kuwait,nominal,contemporary_issues,False,2,confirmatory
arabbarometer,Q548_2,Mauritania,nominal,contemporary_issues,False,3,confirmatory
arabbarometer,Q548_2,Morocco,nominal,contemporary_issues,False,4,oracle_only
arabbarometer,Q548_2,Iraq,nominal,contemporary_issues,False,5,oracle_only
arabbarometer,Q548_2,Tunisia,nominal,contemporary_issues,False,6,oracle_only
arabbarometer,Q548_2,Jordan,nominal,contemporary_issues,False,7,oracle_only
arabbarometer,Q548_2,Palestine,nominal,contemporary_issues,False,8,oracle_only
arabbarometer,Q404,Kuwait,nominal,political_participation,False,1,confirmatory
arabbarometer,Q404,Morocco,nominal,political_participation,False,2,confirmatory
arabbarometer,Q404,Mauritania,nominal,political_participation,False,3,confirmatory
arabbarometer,Q404,Lebanon,nominal,political_participation,False,4,oracle_only
arabbarometer,Q404,Tunisia,nominal,political_participation,False,5,oracle_only
arabbarometer,Q404,Iraq,nominal,political_participation,False,6,oracle_only
arabbarometer,Q404,Jordan,nominal,political_participation,False,7,oracle_only
arabbarometer,Q404,Palestine,nominal,political_participation,False,8,oracle_only
arabbarometer,Q303B_1,Tunisia,ordinal,political_participation,False,1,confirmatory
arabbarometer,Q303B_1,Mauritania,ordinal,political_participation,False,2,confirmatory
arabbarometer,Q303B_1,Morocco,ordinal,political_participation,False,3,confirmatory
arabbarometer,Q303B_1,Iraq,ordinal,political_participation,False,4,oracle_only
arabbarometer,Q303B_1,Jordan,ordinal,political_participation,False,5,oracle_only
arabbarometer,Q303B_1,Lebanon,ordinal,political_participation,False,6,oracle_only
arabbarometer,Q731_5,Palestine,ordinal,political_attitudes,False,1,confirmatory
arabbarometer,Q731_5,Jordan,ordinal,political_attitudes,False,2,confirmatory
arabbarometer,Q731_5,Iraq,ordinal,political_attitudes,False,3,confirmatory
arabbarometer,Q731_5,Kuwait,ordinal,political_attitudes,False,4,oracle_only
arabbarometer,Q731_5,Mauritania,ordinal,political_attitudes,False,5,oracle_only
arabbarometer,Q731_5,Morocco,ordinal,political_attitudes,False,6,oracle_only
arabbarometer,Q731_5,Tunisia,ordinal,political_attitudes,False,7,oracle_only
arabbarometer,Q731_5,Lebanon,ordinal,political_attitudes,False,8,oracle_only
arabbarometer,Q869F,Mauritania,ordinal,social_attitudes,False,1,confirmatory
arabbarometer,Q869F,Jordan,ordinal,social_attitudes,False,2,confirmatory
arabbarometer,Q869F,Iraq,ordinal,social_attitudes,False,3,confirmatory
arabbarometer,Q869F,Morocco,ordinal,social_attitudes,False,4,oracle_only
arabbarometer,Q869F,Tunisia,ordinal,social_attitudes,False,5,oracle_only
arabbarometer,Q274A,Morocco,ordinal,wellbeing,True,1,confirmatory
arabbarometer,Q274A,Tunisia,ordinal,wellbeing,True,2,confirmatory
arabbarometer,Q274A,Mauritania,ordinal,wellbeing,True,3,confirmatory
arabbarometer,Q274A,Lebanon,ordinal,wellbeing,True,4,oracle_only
arabbarometer,Q274A,Palestine,ordinal,wellbeing,True,5,oracle_only
arabbarometer,Q274A,Iraq,ordinal,wellbeing,True,6,oracle_only
arabbarometer,Q274A,Jordan,ordinal,wellbeing,True,7,oracle_only
arabbarometer,Q540B_1,Jordan,ordinal,contemporary_issues,False,1,confirmatory
arabbarometer,Q540B_1,Lebanon,ordinal,contemporary_issues,False,2,confirmatory
arabbarometer,Q540B_1,Mauritania,ordinal,contemporary_issues,False,3,confirmatory
arabbarometer,Q540B_1,Kuwait,ordinal,contemporary_issues,False,4,oracle_only
arabbarometer,Q540B_1,Palestine,ordinal,contemporary_issues,False,5,oracle_only
arabbarometer,Q540B_1,Iraq,ordinal,contemporary_issues,False,6,oracle_only
arabbarometer,Q540B_1,Morocco,ordinal,contemporary_issues,False,7,oracle_only
arabbarometer,Q540B_1,Tunisia,ordinal,contemporary_issues,False,8,oracle_only
arabbarometer,Q204_2,Tunisia,ordinal,institutional_trust,False,1,confirmatory
arabbarometer,Q204_2,Mauritania,ordinal,institutional_trust,False,2,confirmatory
arabbarometer,Q204_2,Kuwait,ordinal,institutional_trust,False,3,confirmatory
arabbarometer,Q204_2,Palestine,ordinal,institutional_trust,False,4,oracle_only
arabbarometer,Q204_2,Iraq,ordinal,institutional_trust,False,5,oracle_only
arabbarometer,Q204_2,Morocco,ordinal,institutional_trust,False,6,oracle_only
arabbarometer,Q204_2,Jordan,ordinal,institutional_trust,False,7,oracle_only
arabbarometer,Q204_2,Lebanon,ordinal,institutional_trust,False,8,oracle_only
arabbarometer,Q606_2,Jordan,ordinal,values_identity,False,1,confirmatory
arabbarometer,Q606_2,Palestine,ordinal,values_identity,False,2,confirmatory
arabbarometer,Q606_2,Iraq,ordinal,values_identity,False,3,confirmatory
arabbarometer,Q606_2,Lebanon,ordinal,values_identity,False,4,oracle_only
arabbarometer,Q606_2,Mauritania,ordinal,values_identity,False,5,oracle_only
arabbarometer,Q606_2,Morocco,ordinal,values_identity,False,6,oracle_only
arabbarometer,Q606_2,Tunisia,ordinal,values_identity,False,7,oracle_only
arabbarometer,Q303A,Lebanon,ordinal,political_participation,False,1,confirmatory
arabbarometer,Q303A,Tunisia,ordinal,political_participation,False,2,confirmatory
arabbarometer,Q303A,Jordan,ordinal,political_participation,False,3,confirmatory
arabbarometer,Q303A,Iraq,ordinal,political_participation,False,4,oracle_only
arabbarometer,Q303A,Morocco,ordinal,political_participation,False,5,oracle_only
arabbarometer,Q303A,Mauritania,ordinal,political_participation,False,6,oracle_only
arabbarometer,Q521_6,Palestine,ordinal,political_attitudes,False,1,confirmatory
arabbarometer,Q521_6,Mauritania,ordinal,political_attitudes,False,2,confirmatory
arabbarometer,Q521_6,Tunisia,ordinal,political_attitudes,False,3,confirmatory
arabbarometer,Q521_6,Iraq,ordinal,political_attitudes,False,4,oracle_only
arabbarometer,Q521_6,Morocco,ordinal,political_attitudes,False,5,oracle_only
arabbarometer,Q521_6,Jordan,ordinal,political_attitudes,False,6,oracle_only
arabbarometer,Q521_6,Lebanon,ordinal,political_attitudes,False,7,oracle_only
arabbarometer,Q601_4,Lebanon,ordinal,social_attitudes,False,1,confirmatory
arabbarometer,Q601_4,Mauritania,ordinal,social_attitudes,False,2,confirmatory
arabbarometer,Q601_4,Palestine,ordinal,social_attitudes,False,3,confirmatory
arabbarometer,Q601_4,Jordan,ordinal,social_attitudes,False,4,oracle_only
arabbarometer,Q601_4,Kuwait,ordinal,social_attitudes,False,5,oracle_only
arabbarometer,Q601_4,Iraq,ordinal,social_attitudes,False,6,oracle_only
arabbarometer,Q601_4,Tunisia,ordinal,social_attitudes,False,7,oracle_only
arabbarometer,Q601_4,Morocco,ordinal,social_attitudes,False,8,oracle_only
arabbarometer,Q105A,Tunisia,ordinal,wellbeing,False,1,confirmatory
arabbarometer,Q105A,Jordan,ordinal,wellbeing,False,2,confirmatory
arabbarometer,Q105A,Palestine,ordinal,wellbeing,False,3,confirmatory
arabbarometer,Q105A,Kuwait,ordinal,wellbeing,False,4,oracle_only
arabbarometer,Q105A,Morocco,ordinal,wellbeing,False,5,oracle_only
arabbarometer,Q105A,Iraq,ordinal,wellbeing,False,6,oracle_only
arabbarometer,Q105A,Lebanon,ordinal,wellbeing,False,7,oracle_only
arabbarometer,Q105A,Mauritania,ordinal,wellbeing,False,8,oracle_only
arabbarometer,Q540B_3,Morocco,ordinal,contemporary_issues,False,1,confirmatory
arabbarometer,Q540B_3,Lebanon,ordinal,contemporary_issues,False,2,confirmatory
arabbarometer,Q540B_3,Jordan,ordinal,contemporary_issues,False,3,confirmatory
arabbarometer,Q540B_3,Tunisia,ordinal,contemporary_issues,False,4,oracle_only
arabbarometer,Q540B_3,Iraq,ordinal,contemporary_issues,False,5,oracle_only
arabbarometer,Q540B_3,Palestine,ordinal,contemporary_issues,False,6,oracle_only
arabbarometer,Q540B_3,Kuwait,ordinal,contemporary_issues,False,7,oracle_only
arabbarometer,Q540B_3,Mauritania,ordinal,contemporary_issues,False,8,oracle_only
arabbarometer,Q204A_5,Morocco,ordinal,institutional_trust,False,1,confirmatory
arabbarometer,Q204A_5,Iraq,ordinal,institutional_trust,False,2,confirmatory
arabbarometer,Q204A_5,Mauritania,ordinal,institutional_trust,False,3,confirmatory
arabbarometer,Q204A_5,Kuwait,ordinal,institutional_trust,False,4,oracle_only
arabbarometer,Q204A_5,Lebanon,ordinal,institutional_trust,False,5,oracle_only
arabbarometer,Q204A_5,Tunisia,ordinal,institutional_trust,False,6,oracle_only
arabbarometer,Q204A_5,Jordan,ordinal,institutional_trust,False,7,oracle_only
arabbarometer,Q204A_5,Palestine,ordinal,institutional_trust,False,8,oracle_only
asianbarometer,Q22,Australia,binary,social_attitudes,False,1,confirmatory
asianbarometer,Q22,Indonesia,binary,social_attitudes,False,2,confirmatory
asianbarometer,Q22,Korea,binary,social_attitudes,False,3,confirmatory
asianbarometer,Q22,Taiwan,binary,social_attitudes,False,4,oracle_only
asianbarometer,Q22,Cambodia,binary,social_attitudes,False,5,oracle_only
asianbarometer,Q22,Vietnam,binary,social_attitudes,False,6,oracle_only
asianbarometer,Q22,Philippines,binary,social_attitudes,False,7,oracle_only
asianbarometer,Q22,Mongolia,binary,social_attitudes,False,8,oracle_only
asianbarometer,Q22,Thailand,binary,social_attitudes,False,9,oracle_only
asianbarometer,Q156,Thailand,binary,values_identity,False,1,confirmatory
asianbarometer,Q156,Indonesia,binary,values_identity,False,2,confirmatory
asianbarometer,Q156,Taiwan,binary,values_identity,False,3,confirmatory
asianbarometer,Q156,Australia,binary,values_identity,False,4,oracle_only
asianbarometer,Q156,Philippines,binary,values_identity,False,5,oracle_only
asianbarometer,Q156,Korea,binary,values_identity,False,6,oracle_only
asianbarometer,Q156,Vietnam,binary,values_identity,False,7,oracle_only
asianbarometer,Q156,Mongolia,binary,values_identity,False,8,oracle_only
asianbarometer,Q156,Cambodia,binary,values_identity,False,9,oracle_only
asianbarometer,Q37,Australia,binary,political_participation,False,1,confirmatory
asianbarometer,Q37,Philippines,binary,political_participation,False,2,confirmatory
asianbarometer,Q37,Mongolia,binary,political_participation,False,3,confirmatory
asianbarometer,Q37,Indonesia,binary,political_participation,False,4,oracle_only
asianbarometer,Q37,Thailand,binary,political_participation,False,5,oracle_only
asianbarometer,Q37,Vietnam,binary,political_participation,False,6,oracle_only
asianbarometer,Q37,Cambodia,binary,political_participation,False,7,oracle_only
asianbarometer,Q34,Mongolia,nominal,political_participation,False,1,confirmatory
asianbarometer,Q34,Australia,nominal,political_participation,False,2,confirmatory
asianbarometer,Q34,Taiwan,nominal,political_participation,False,3,confirmatory
asianbarometer,Q34,Indonesia,nominal,political_participation,False,4,oracle_only
asianbarometer,Q34,Cambodia,nominal,political_participation,False,5,oracle_only
asianbarometer,Q34,Philippines,nominal,political_participation,False,6,oracle_only
asianbarometer,Q34,Thailand,nominal,political_participation,False,7,oracle_only
asianbarometer,Q34,Korea,nominal,political_participation,False,8,oracle_only
asianbarometer,Q53,Indonesia,nominal,contemporary_issues,False,1,confirmatory
asianbarometer,Q53,Taiwan,nominal,contemporary_issues,False,2,confirmatory
asianbarometer,Q53,Cambodia,nominal,contemporary_issues,False,3,confirmatory
asianbarometer,Q53,Australia,nominal,contemporary_issues,False,4,oracle_only
asianbarometer,Q53,Vietnam,nominal,contemporary_issues,False,5,oracle_only
asianbarometer,Q53,Philippines,nominal,contemporary_issues,False,6,oracle_only
asianbarometer,Q53,Korea,nominal,contemporary_issues,False,7,oracle_only
asianbarometer,Q53,Thailand,nominal,contemporary_issues,False,8,oracle_only
asianbarometer,Q53,Mongolia,nominal,contemporary_issues,False,9,oracle_only
asianbarometer,Q162,Cambodia,nominal,wellbeing,False,1,confirmatory
asianbarometer,Q162,Thailand,nominal,wellbeing,False,2,confirmatory
asianbarometer,Q162,Taiwan,nominal,wellbeing,False,3,confirmatory
asianbarometer,Q162,Philippines,nominal,wellbeing,False,4,oracle_only
asianbarometer,Q162,Indonesia,nominal,wellbeing,False,5,oracle_only
asianbarometer,Q39,Thailand,nominal,institutional_trust,False,1,confirmatory
asianbarometer,Q39,Taiwan,nominal,institutional_trust,False,2,confirmatory
asianbarometer,Q39,Indonesia,nominal,institutional_trust,False,3,confirmatory
asianbarometer,Q39,Philippines,nominal,institutional_trust,False,4,oracle_only
asianbarometer,Q39,Cambodia,nominal,institutional_trust,False,5,oracle_only
asianbarometer,Q172b,Indonesia,ordinal,political_attitudes,False,1,confirmatory
asianbarometer,Q172b,Korea,ordinal,political_attitudes,False,2,confirmatory
asianbarometer,Q172b,Vietnam,ordinal,political_attitudes,False,3,confirmatory
asianbarometer,Q172b,Mongolia,ordinal,political_attitudes,False,4,oracle_only
asianbarometer,Q172b,Thailand,ordinal,political_attitudes,False,5,oracle_only
asianbarometer,Q172b,Cambodia,ordinal,political_attitudes,False,6,oracle_only
asianbarometer,Q172b,Philippines,ordinal,political_attitudes,False,7,oracle_only
asianbarometer,Q172b,Taiwan,ordinal,political_attitudes,False,8,oracle_only
asianbarometer,Q172b,Australia,ordinal,political_attitudes,False,9,oracle_only
asianbarometer,Q52c,Taiwan,ordinal,contemporary_issues,False,1,confirmatory
asianbarometer,Q52c,Thailand,ordinal,contemporary_issues,False,2,confirmatory
asianbarometer,Q52c,Philippines,ordinal,contemporary_issues,False,3,confirmatory
asianbarometer,Q52c,Korea,ordinal,contemporary_issues,False,4,oracle_only
asianbarometer,Q52c,Australia,ordinal,contemporary_issues,False,5,oracle_only
asianbarometer,Q52c,Cambodia,ordinal,contemporary_issues,False,6,oracle_only
asianbarometer,Q52c,Mongolia,ordinal,contemporary_issues,False,7,oracle_only
asianbarometer,Q52c,Vietnam,ordinal,contemporary_issues,False,8,oracle_only
asianbarometer,Q52c,Indonesia,ordinal,contemporary_issues,False,9,oracle_only
asianbarometer,Q59,Indonesia,ordinal,values_identity,False,1,confirmatory
asianbarometer,Q59,Vietnam,ordinal,values_identity,False,2,confirmatory
asianbarometer,Q59,Taiwan,ordinal,values_identity,False,3,confirmatory
asianbarometer,Q59,Cambodia,ordinal,values_identity,False,4,oracle_only
asianbarometer,Q59,Thailand,ordinal,values_identity,False,5,oracle_only
asianbarometer,Q59,Philippines,ordinal,values_identity,False,6,oracle_only
asianbarometer,Q59,Mongolia,ordinal,values_identity,False,7,oracle_only
asianbarometer,Q59,Korea,ordinal,values_identity,False,8,oracle_only
asianbarometer,Q59,Australia,ordinal,values_identity,False,9,oracle_only
asianbarometer,SE14a,Philippines,ordinal,wellbeing,False,1,confirmatory
asianbarometer,SE14a,Thailand,ordinal,wellbeing,False,2,confirmatory
asianbarometer,SE14a,Vietnam,ordinal,wellbeing,False,3,confirmatory
asianbarometer,SE14a,Cambodia,ordinal,wellbeing,False,4,oracle_only
asianbarometer,SE14a,Australia,ordinal,wellbeing,False,5,oracle_only
asianbarometer,SE14a,Korea,ordinal,wellbeing,False,6,oracle_only
asianbarometer,SE14a,Indonesia,ordinal,wellbeing,False,7,oracle_only
asianbarometer,SE14a,Taiwan,ordinal,wellbeing,False,8,oracle_only
asianbarometer,SE14a,Mongolia,ordinal,wellbeing,False,9,oracle_only
asianbarometer,Q79,Thailand,ordinal,institutional_trust,False,1,confirmatory
asianbarometer,Q79,Cambodia,ordinal,institutional_trust,False,2,confirmatory
asianbarometer,Q79,Indonesia,ordinal,institutional_trust,False,3,confirmatory
asianbarometer,Q79,Vietnam,ordinal,institutional_trust,False,4,oracle_only
asianbarometer,Q79,Taiwan,ordinal,institutional_trust,False,5,oracle_only
asianbarometer,Q79,Korea,ordinal,institutional_trust,False,6,oracle_only
asianbarometer,Q79,Mongolia,ordinal,institutional_trust,False,7,oracle_only
asianbarometer,Q79,Philippines,ordinal,institutional_trust,False,8,oracle_only
asianbarometer,Q79,Australia,ordinal,institutional_trust,False,9,oracle_only
asianbarometer,Q23,Mongolia,ordinal,social_attitudes,False,1,confirmatory
asianbarometer,Q23,Vietnam,ordinal,social_attitudes,False,2,confirmatory
asianbarometer,Q23,Korea,ordinal,social_attitudes,False,3,confirmatory
asianbarometer,Q23,Thailand,ordinal,social_attitudes,False,4,oracle_only
asianbarometer,Q23,Philippines,ordinal,social_attitudes,False,5,oracle_only
asianbarometer,Q23,Taiwan,ordinal,social_attitudes,False,6,oracle_only
asianbarometer,Q23,Australia,ordinal,social_attitudes,False,7,oracle_only
asianbarometer,Q23,Indonesia,ordinal,social_attitudes,False,8,oracle_only
asianbarometer,Q23,Cambodia,ordinal,social_attitudes,False,9,oracle_only
asianbarometer,Q48,Korea,ordinal,political_participation,False,1,confirmatory
asianbarometer,Q48,Australia,ordinal,political_participation,False,2,confirmatory
asianbarometer,Q48,Thailand,ordinal,political_participation,False,3,confirmatory
asianbarometer,Q48,Mongolia,ordinal,political_participation,False,4,oracle_only
asianbarometer,Q48,Indonesia,ordinal,political_participation,False,5,oracle_only
asianbarometer,Q48,Philippines,ordinal,political_participation,False,6,oracle_only
asianbarometer,Q48,Cambodia,ordinal,political_participation,False,7,oracle_only
asianbarometer,Q48,Vietnam,ordinal,political_participation,False,8,oracle_only
asianbarometer,Q48,Taiwan,ordinal,political_participation,False,9,oracle_only
asianbarometer,Q174,Vietnam,ordinal,political_attitudes,False,1,confirmatory
asianbarometer,Q174,Philippines,ordinal,political_attitudes,False,2,confirmatory
asianbarometer,Q174,Thailand,ordinal,political_attitudes,False,3,confirmatory
asianbarometer,Q174,Indonesia,ordinal,political_attitudes,False,4,oracle_only
asianbarometer,Q174,Mongolia,ordinal,political_attitudes,False,5,oracle_only
asianbarometer,Q174,Australia,ordinal,political_attitudes,False,6,oracle_only
asianbarometer,Q174,Korea,ordinal,political_attitudes,False,7,oracle_only
asianbarometer,Q174,Taiwan,ordinal,political_attitudes,False,8,oracle_only
asianbarometer,Q174,Cambodia,ordinal,political_attitudes,False,9,oracle_only
asianbarometer,Q52b,Taiwan,ordinal,contemporary_issues,False,1,confirmatory
asianbarometer,Q52b,Philippines,ordinal,contemporary_issues,False,2,confirmatory
asianbarometer,Q52b,Korea,ordinal,contemporary_issues,False,3,confirmatory
asianbarometer,Q52b,Australia,ordinal,contemporary_issues,False,4,oracle_only
asianbarometer,Q52b,Mongolia,ordinal,contemporary_issues,False,5,oracle_only
asianbarometer,Q52b,Vietnam,ordinal,contemporary_issues,False,6,oracle_only
asianbarometer,Q52b,Cambodia,ordinal,contemporary_issues,False,7,oracle_only
asianbarometer,Q52b,Thailand,ordinal,contemporary_issues,False,8,oracle_only
asianbarometer,Q52b,Indonesia,ordinal,contemporary_issues,False,9,oracle_only
asianbarometer,Q64,Korea,ordinal,values_identity,False,1,confirmatory
asianbarometer,Q64,Australia,ordinal,values_identity,False,2,confirmatory
asianbarometer,Q64,Taiwan,ordinal,values_identity,False,3,confirmatory
asianbarometer,Q64,Cambodia,ordinal,values_identity,False,4,oracle_only
asianbarometer,Q64,Mongolia,ordinal,values_identity,False,5,oracle_only
asianbarometer,Q64,Thailand,ordinal,values_identity,False,6,oracle_only
asianbarometer,Q64,Philippines,ordinal,values_identity,False,7,oracle_only
asianbarometer,Q64,Indonesia,ordinal,values_identity,False,8,oracle_only
asianbarometer,Q64,Vietnam,ordinal,values_identity,False,9,oracle_only
asianbarometer,Q161,Korea,ordinal,wellbeing,False,1,confirmatory
asianbarometer,Q161,Philippines,ordinal,wellbeing,False,2,confirmatory
asianbarometer,Q161,Cambodia,ordinal,wellbeing,False,3,confirmatory
asianbarometer,Q161,Vietnam,ordinal,wellbeing,False,4,oracle_only
asianbarometer,Q161,Thailand,ordinal,wellbeing,False,5,oracle_only
asianbarometer,Q161,Indonesia,ordinal,wellbeing,False,6,oracle_only
asianbarometer,Q161,Australia,ordinal,wellbeing,False,7,oracle_only
asianbarometer,Q161,Mongolia,ordinal,wellbeing,False,8,oracle_only
asianbarometer,Q161,Taiwan,ordinal,wellbeing,False,9,oracle_only
asianbarometer,Q15,Indonesia,ordinal,institutional_trust,False,1,confirmatory
asianbarometer,Q15,Philippines,ordinal,institutional_trust,False,2,confirmatory
asianbarometer,Q15,Mongolia,ordinal,institutional_trust,False,3,confirmatory
asianbarometer,Q15,Korea,ordinal,institutional_trust,False,4,oracle_only
asianbarometer,Q15,Thailand,ordinal,institutional_trust,False,5,oracle_only
asianbarometer,Q15,Vietnam,ordinal,institutional_trust,False,6,oracle_only
asianbarometer,Q15,Australia,ordinal,institutional_trust,False,7,oracle_only
asianbarometer,Q15,Taiwan,ordinal,institutional_trust,False,8,oracle_only
asianbarometer,Q15,Cambodia,ordinal,institutional_trust,False,9,oracle_only
asianbarometer,Q28,Indonesia,ordinal,social_attitudes,False,1,confirmatory
asianbarometer,Q28,Taiwan,ordinal,social_attitudes,False,2,confirmatory
asianbarometer,Q28,Philippines,ordinal,social_attitudes,False,3,confirmatory
asianbarometer,Q28,Thailand,ordinal,social_attitudes,False,4,oracle_only
asianbarometer,Q28,Mongolia,ordinal,social_attitudes,False,5,oracle_only
asianbarometer,Q28,Vietnam,ordinal,social_attitudes,False,6,oracle_only
asianbarometer,Q28,Korea,ordinal,social_attitudes,False,7,oracle_only
asianbarometer,Q28,Cambodia,ordinal,social_attitudes,False,8,oracle_only
asianbarometer,Q28,Australia,ordinal,social_attitudes,False,9,oracle_only
ess_wave_11,hltphdi,Germany,binary,wellbeing,False,1,confirmatory
ess_wave_11,hltphdi,Ukraine,binary,wellbeing,False,2,confirmatory
ess_wave_11,hltphdi,Serbia,binary,wellbeing,False,3,confirmatory
ess_wave_11,hltphdi,Bulgaria,binary,wellbeing,False,4,oracle_only
ess_wave_11,hltphdi,Hungary,binary,wellbeing,False,5,oracle_only
ess_wave_11,hltphdi,Slovakia,binary,wellbeing,False,6,oracle_only
ess_wave_11,hltphdi,Croatia,binary,wellbeing,False,7,oracle_only
ess_wave_11,atncrse,Slovenia,binary,political_participation,False,1,confirmatory
ess_wave_11,atncrse,Bulgaria,binary,political_participation,False,2,confirmatory
ess_wave_11,atncrse,France,binary,political_participation,False,3,confirmatory
ess_wave_11,atncrse,Serbia,binary,political_participation,False,4,oracle_only
ess_wave_11,atncrse,Finland,binary,political_participation,False,5,oracle_only
ess_wave_11,atncrse,Iceland,binary,political_participation,False,6,oracle_only
ess_wave_11,atncrse,Austria,binary,political_participation,False,7,oracle_only
ess_wave_11,atncrse,Latvia,binary,political_participation,False,8,oracle_only
ess_wave_11,atncrse,Sweden,binary,political_participation,False,9,oracle_only
ess_wave_11,atncrse,Cyprus,binary,political_participation,False,10,oracle_only
ess_wave_11,dscrgrp,United Kingdom,binary,social_attitudes,False,1,confirmatory
ess_wave_11,dscrgrp,Ireland,binary,social_attitudes,False,2,confirmatory
ess_wave_11,dscrgrp,Portugal,binary,social_attitudes,False,3,confirmatory
ess_wave_11,dscrgrp,Sweden,binary,social_attitudes,False,4,oracle_only
ess_wave_11,dscrgrp,Greece,binary,social_attitudes,False,5,oracle_only
ess_wave_11,dscrgrp,Switzerland,binary,social_attitudes,False,6,oracle_only
ess_wave_11,dscrgrp,Poland,binary,social_attitudes,False,7,oracle_only
ess_wave_11,dscrgrp,Serbia,binary,social_attitudes,False,8,oracle_only
ess_wave_11,dscrgrp,Estonia,binary,social_attitudes,False,9,oracle_only
ess_wave_11,dscrgrp,Latvia,binary,social_attitudes,False,10,oracle_only
ess_wave_11,hltphbn,Spain,binary,wellbeing,False,1,confirmatory
ess_wave_11,hltphbn,Finland,binary,wellbeing,False,2,confirmatory
ess_wave_11,hltphbn,United Kingdom,binary,wellbeing,False,3,confirmatory
ess_wave_11,hltphbn,Poland,binary,wellbeing,False,4,oracle_only
ess_wave_11,hltphbn,Hungary,binary,wellbeing,False,5,oracle_only
ess_wave_11,hltphbn,Belgium,binary,wellbeing,False,6,oracle_only
ess_wave_11,hltphbn,Estonia,binary,wellbeing,False,7,oracle_only
ess_wave_11,hltphbn,Slovakia,binary,wellbeing,False,8,oracle_only
ess_wave_11,hltphbn,Italy,binary,wellbeing,False,9,oracle_only
ess_wave_11,hltphbn,Germany,binary,wellbeing,False,10,oracle_only
ess_wave_11,bctprd,Iceland,binary,political_participation,False,1,confirmatory
ess_wave_11,bctprd,Norway,binary,political_participation,False,2,confirmatory
ess_wave_11,bctprd,Belgium,binary,political_participation,False,3,confirmatory
ess_wave_11,bctprd,Serbia,binary,political_participation,False,4,oracle_only
ess_wave_11,bctprd,Croatia,binary,political_participation,False,5,oracle_only
ess_wave_11,bctprd,Portugal,binary,political_participation,False,6,oracle_only
ess_wave_11,bctprd,Lithuania,binary,political_participation,False,7,oracle_only
ess_wave_11,bctprd,Montenegro,binary,political_participation,False,8,oracle_only
ess_wave_11,bctprd,Spain,binary,political_participation,False,9,oracle_only
ess_wave_11,bctprd,Slovakia,binary,political_participation,False,10,oracle_only
ess_wave_11,dscrntn,Germany,binary,social_attitudes,True,1,confirmatory
ess_wave_11,dscrntn,Israel,binary,social_attitudes,True,2,confirmatory
ess_wave_11,dscrntn,Austria,binary,social_attitudes,True,3,confirmatory
ess_wave_11,dscrntn,Italy,binary,social_attitudes,True,4,oracle_only
ess_wave_11,dscrntn,Montenegro,binary,social_attitudes,True,5,oracle_only
ess_wave_11,nwspol,Estonia,continuous,contemporary_issues,False,1,confirmatory
ess_wave_11,nwspol,Hungary,continuous,contemporary_issues,False,2,confirmatory
ess_wave_11,nwspol,Ireland,continuous,contemporary_issues,False,3,confirmatory
ess_wave_11,nwspol,Iceland,continuous,contemporary_issues,False,4,oracle_only
ess_wave_11,nwspol,Austria,continuous,contemporary_issues,False,5,oracle_only
ess_wave_11,nwspol,Switzerland,continuous,contemporary_issues,False,6,oracle_only
ess_wave_11,nwspol,Finland,continuous,contemporary_issues,False,7,oracle_only
ess_wave_11,nwspol,Germany,continuous,contemporary_issues,False,8,oracle_only
ess_wave_11,nwspol,Serbia,continuous,contemporary_issues,False,9,oracle_only
ess_wave_11,nwspol,Poland,continuous,contemporary_issues,False,10,oracle_only
ess_wave_11,netustm,Spain,continuous,contemporary_issues,False,1,confirmatory
ess_wave_11,netustm,Netherlands,continuous,contemporary_issues,False,2,confirmatory
ess_wave_11,netustm,Sweden,continuous,contemporary_issues,False,3,confirmatory
ess_wave_11,netustm,Montenegro,continuous,contemporary_issues,False,4,oracle_only
ess_wave_11,netustm,Slovakia,continuous,contemporary_issues,False,5,oracle_only
ess_wave_11,netustm,Bulgaria,continuous,contemporary_issues,False,6,oracle_only
ess_wave_11,netustm,Greece,continuous,contemporary_issues,False,7,oracle_only
ess_wave_11,netustm,Belgium,continuous,contemporary_issues,False,8,oracle_only
ess_wave_11,netustm,Lithuania,continuous,contemporary_issues,False,9,oracle_only
ess_wave_11,netustm,Italy,continuous,contemporary_issues,False,10,oracle_only
ess_wave_11,vteubcmb,United Kingdom,nominal,political_attitudes,False,1,confirmatory
ess_wave_11,vteubcmb,Serbia,nominal,political_attitudes,False,2,confirmatory
ess_wave_11,vteubcmb,Montenegro,nominal,political_attitudes,False,3,confirmatory
ess_wave_11,vteubcmb,Norway,nominal,political_attitudes,False,4,oracle_only
ess_wave_11,vteubcmb,Ukraine,nominal,political_attitudes,False,5,oracle_only
ess_wave_11,vteubcmb,Israel,nominal,political_attitudes,False,6,oracle_only
ess_wave_11,vteubcmb,Switzerland,nominal,political_attitudes,False,7,oracle_only
ess_wave_11,vteubcmb,Iceland,nominal,political_attitudes,False,8,oracle_only
ess_wave_11,vote,Ukraine,nominal,political_participation,True,1,confirmatory
ess_wave_11,vote,Germany,nominal,political_participation,True,2,confirmatory
ess_wave_11,vote,Lithuania,nominal,political_participation,True,3,confirmatory
ess_wave_11,vote,Bulgaria,nominal,political_participation,True,4,oracle_only
ess_wave_11,vote,France,nominal,political_participation,True,5,oracle_only
ess_wave_11,vote,Israel,nominal,political_participation,True,6,oracle_only
ess_wave_11,vote,Serbia,nominal,political_participation,True,7,oracle_only
ess_wave_11,vote,Montenegro,nominal,political_participation,True,8,oracle_only
ess_wave_11,vote,Hungary,nominal,political_participation,True,9,oracle_only
ess_wave_11,vote,Netherlands,nominal,political_participation,True,10,oracle_only
ess_wave_11,aesfdrk,Norway,nominal,wellbeing,False,1,confirmatory
ess_wave_11,aesfdrk,Lithuania,nominal,wellbeing,False,2,confirmatory
ess_wave_11,aesfdrk,Serbia,nominal,wellbeing,False,3,confirmatory
ess_wave_11,aesfdrk,Montenegro,nominal,wellbeing,False,4,oracle_only
ess_wave_11,aesfdrk,Cyprus,nominal,wellbeing,False,5,oracle_only
ess_wave_11,aesfdrk,Slovakia,nominal,wellbeing,False,6,oracle_only
ess_wave_11,aesfdrk,Israel,nominal,wellbeing,False,7,oracle_only
ess_wave_11,aesfdrk,Finland,nominal,wellbeing,False,8,oracle_only
ess_wave_11,aesfdrk,Spain,nominal,wellbeing,False,9,oracle_only
ess_wave_11,aesfdrk,Estonia,nominal,wellbeing,False,10,oracle_only
ess_wave_11,wrclmch,Belgium,ordinal,contemporary_issues,False,1,confirmatory
ess_wave_11,wrclmch,Lithuania,ordinal,contemporary_issues,False,2,confirmatory
ess_wave_11,wrclmch,Bulgaria,ordinal,contemporary_issues,False,3,confirmatory
ess_wave_11,wrclmch,Serbia,ordinal,contemporary_issues,False,4,oracle_only
ess_wave_11,wrclmch,Norway,ordinal,contemporary_issues,False,5,oracle_only
ess_wave_11,wrclmch,Portugal,ordinal,contemporary_issues,False,6,oracle_only
ess_wave_11,wrclmch,Israel,ordinal,contemporary_issues,False,7,oracle_only
ess_wave_11,wrclmch,Sweden,ordinal,contemporary_issues,False,8,oracle_only
ess_wave_11,wrclmch,Hungary,ordinal,contemporary_issues,False,9,oracle_only
ess_wave_11,wrclmch,Germany,ordinal,contemporary_issues,False,10,oracle_only
ess_wave_11,freehms,Netherlands,ordinal,social_attitudes,False,1,confirmatory
ess_wave_11,freehms,Iceland,ordinal,social_attitudes,False,2,confirmatory
ess_wave_11,freehms,Poland,ordinal,social_attitudes,False,3,confirmatory
ess_wave_11,freehms,Spain,ordinal,social_attitudes,False,4,oracle_only
ess_wave_11,freehms,Switzerland,ordinal,social_attitudes,False,5,oracle_only
ess_wave_11,freehms,Bulgaria,ordinal,social_attitudes,False,6,oracle_only
ess_wave_11,freehms,Lithuania,ordinal,social_attitudes,False,7,oracle_only
ess_wave_11,freehms,Italy,ordinal,social_attitudes,False,8,oracle_only
ess_wave_11,freehms,Montenegro,ordinal,social_attitudes,False,9,oracle_only
ess_wave_11,freehms,Slovenia,ordinal,social_attitudes,False,10,oracle_only
ess_wave_11,liklead,Lithuania,ordinal,values_identity,False,1,confirmatory
ess_wave_11,liklead,Belgium,ordinal,values_identity,False,2,confirmatory
ess_wave_11,liklead,Croatia,ordinal,values_identity,False,3,confirmatory
ess_wave_11,liklead,Norway,ordinal,values_identity,False,4,oracle_only
ess_wave_11,liklead,Portugal,ordinal,values_identity,False,5,oracle_only
ess_wave_11,liklead,Sweden,ordinal,values_identity,False,6,oracle_only
ess_wave_11,liklead,United Kingdom,ordinal,values_identity,False,7,oracle_only
ess_wave_11,liklead,Hungary,ordinal,values_identity,False,8,oracle_only
ess_wave_11,liklead,Bulgaria,ordinal,values_identity,False,9,oracle_only
ess_wave_11,liklead,Ukraine,ordinal,values_identity,False,10,oracle_only
ess_wave_11,lrscale,Hungary,ordinal,political_attitudes,False,1,confirmatory
ess_wave_11,lrscale,Switzerland,ordinal,political_attitudes,False,2,confirmatory
ess_wave_11,lrscale,Belgium,ordinal,political_attitudes,False,3,confirmatory
ess_wave_11,lrscale,Croatia,ordinal,political_attitudes,False,4,oracle_only
ess_wave_11,lrscale,Poland,ordinal,political_attitudes,False,5,oracle_only
ess_wave_11,lrscale,Sweden,ordinal,political_attitudes,False,6,oracle_only
ess_wave_11,lrscale,Latvia,ordinal,political_attitudes,False,7,oracle_only
ess_wave_11,lrscale,Cyprus,ordinal,political_attitudes,False,8,oracle_only
ess_wave_11,lrscale,Greece,ordinal,political_attitudes,False,9,oracle_only
ess_wave_11,lrscale,Austria,ordinal,political_attitudes,False,10,oracle_only
ess_wave_11,trstplc,Slovakia,ordinal,institutional_trust,False,1,confirmatory
ess_wave_11,trstplc,Italy,ordinal,institutional_trust,False,2,confirmatory
ess_wave_11,trstplc,Slovenia,ordinal,institutional_trust,False,3,confirmatory
ess_wave_11,trstplc,Sweden,ordinal,institutional_trust,False,4,oracle_only
ess_wave_11,trstplc,Croatia,ordinal,institutional_trust,False,5,oracle_only
ess_wave_11,trstplc,Hungary,ordinal,institutional_trust,False,6,oracle_only
ess_wave_11,trstplc,Netherlands,ordinal,institutional_trust,False,7,oracle_only
ess_wave_11,trstplc,Belgium,ordinal,institutional_trust,False,8,oracle_only
ess_wave_11,trstplc,France,ordinal,institutional_trust,False,9,oracle_only
ess_wave_11,trstplc,United Kingdom,ordinal,institutional_trust,False,10,oracle_only
ess_wave_11,impbemw,Belgium,ordinal,demographics,False,1,confirmatory
ess_wave_11,impbemw,Spain,ordinal,demographics,False,2,confirmatory
ess_wave_11,impbemw,Sweden,ordinal,demographics,False,3,confirmatory
ess_wave_11,impbemw,Ukraine,ordinal,demographics,False,4,oracle_only
ess_wave_11,impbemw,Slovenia,ordinal,demographics,False,5,oracle_only
ess_wave_11,impbemw,Portugal,ordinal,demographics,False,6,oracle_only
ess_wave_11,impbemw,France,ordinal,demographics,False,7,oracle_only
ess_wave_11,impbemw,Serbia,ordinal,demographics,False,8,oracle_only
ess_wave_11,impbemw,Croatia,ordinal,demographics,False,9,oracle_only
ess_wave_11,impbemw,Netherlands,ordinal,demographics,False,10,oracle_only
ess_wave_11,eatveg,Portugal,ordinal,wellbeing,False,1,confirmatory
ess_wave_11,eatveg,Serbia,ordinal,wellbeing,False,2,confirmatory
ess_wave_11,eatveg,France,ordinal,wellbeing,False,3,confirmatory
ess_wave_11,eatveg,Belgium,ordinal,wellbeing,False,4,oracle_only
ess_wave_11,eatveg,Ireland,ordinal,wellbeing,False,5,oracle_only
ess_wave_11,eatveg,Lithuania,ordinal,wellbeing,False,6,oracle_only
ess_wave_11,eatveg,Hungary,ordinal,wellbeing,False,7,oracle_only
ess_wave_11,eatveg,Spain,ordinal,wellbeing,False,8,oracle_only
ess_wave_11,eatveg,Bulgaria,ordinal,wellbeing,False,9,oracle_only
ess_wave_11,eatveg,Norway,ordinal,wellbeing,False,10,oracle_only
ess_wave_11,psppsgva,Finland,ordinal,political_participation,False,1,confirmatory
ess_wave_11,psppsgva,Italy,ordinal,political_participation,False,2,confirmatory
ess_wave_11,psppsgva,Iceland,ordinal,political_participation,False,3,confirmatory
ess_wave_11,psppsgva,Latvia,ordinal,political_participation,False,4,oracle_only
ess_wave_11,psppsgva,Croatia,ordinal,political_participation,False,5,oracle_only
ess_wave_11,psppsgva,Lithuania,ordinal,political_participation,False,6,oracle_only
ess_wave_11,psppsgva,Portugal,ordinal,political_participation,False,7,oracle_only
ess_wave_11,psppsgva,Ukraine,ordinal,political_participation,False,8,oracle_only
ess_wave_11,psppsgva,Slovenia,ordinal,political_participation,False,9,oracle_only
ess_wave_11,psppsgva,Bulgaria,ordinal,political_participation,False,10,oracle_only
ess_wave_11,netusoft,Spain,ordinal,contemporary_issues,True,1,confirmatory
ess_wave_11,netusoft,Finland,ordinal,contemporary_issues,True,2,confirmatory
ess_wave_11,netusoft,Sweden,ordinal,contemporary_issues,True,3,confirmatory
ess_wave_11,netusoft,Slovakia,ordinal,contemporary_issues,True,4,oracle_only
ess_wave_11,netusoft,Estonia,ordinal,contemporary_issues,True,5,oracle_only
ess_wave_11,netusoft,Italy,ordinal,contemporary_issues,True,6,oracle_only
ess_wave_11,netusoft,Norway,ordinal,contemporary_issues,True,7,oracle_only
ess_wave_11,netusoft,United Kingdom,ordinal,contemporary_issues,True,8,oracle_only
ess_wave_11,netusoft,Ukraine,ordinal,contemporary_issues,True,9,oracle_only
ess_wave_11,netusoft,Austria,ordinal,contemporary_issues,True,10,oracle_only
latinobarometer,P19N,El Salvador,binary,values_identity,False,1,confirmatory
latinobarometer,P19N,Peru,binary,values_identity,False,2,confirmatory
latinobarometer,P19N,Colombia,binary,values_identity,False,3,confirmatory
latinobarometer,P19N,Ecuador,binary,values_identity,False,4,oracle_only
latinobarometer,P19N,Chile,binary,values_identity,False,5,oracle_only
latinobarometer,P19N,Venezuela,binary,values_identity,False,6,oracle_only
latinobarometer,P19N,Brasil,binary,values_identity,False,7,oracle_only
latinobarometer,P19N,Panama,binary,values_identity,False,8,oracle_only
latinobarometer,P19N,Mexico,binary,values_identity,False,9,oracle_only
latinobarometer,P19N,Guatemala,binary,values_identity,False,10,oracle_only
latinobarometer,P15STGBS,Bolivia,binary,institutional_trust,False,1,confirmatory
latinobarometer,P15STGBS,Guatemala,binary,institutional_trust,False,2,confirmatory
latinobarometer,P15STGBS,Uruguay,binary,institutional_trust,False,3,confirmatory
latinobarometer,P15STGBS,Honduras,binary,institutional_trust,False,4,oracle_only
latinobarometer,P15STGBS,Costa Rica,binary,institutional_trust,False,5,oracle_only
latinobarometer,P15STGBS,Mexico,binary,institutional_trust,False,6,oracle_only
latinobarometer,P15STGBS,Rep. Dominicana,binary,institutional_trust,False,7,oracle_only
latinobarometer,P15STGBS,Paraguay,binary,institutional_trust,False,8,oracle_only
latinobarometer,P15STGBS,Brasil,binary,institutional_trust,False,9,oracle_only
latinobarometer,P15STGBS,El Salvador,binary,institutional_trust,False,10,oracle_only
latinobarometer,P42STGBS,Guatemala,binary,political_participation,False,1,confirmatory
latinobarometer,P42STGBS,Bolivia,binary,political_participation,False,2,confirmatory
latinobarometer,P42STGBS,Rep. Dominicana,binary,political_participation,False,3,confirmatory
latinobarometer,P42STGBS,Chile,binary,political_participation,False,4,oracle_only
latinobarometer,P42STGBS,Venezuela,binary,political_participation,False,5,oracle_only
latinobarometer,P42STGBS,Argentina,binary,political_participation,False,6,oracle_only
latinobarometer,P42STGBS,Costa Rica,binary,political_participation,False,7,oracle_only
latinobarometer,P42STGBS,Panama,binary,political_participation,False,8,oracle_only
latinobarometer,P42STGBS,Colombia,binary,political_participation,False,9,oracle_only
latinobarometer,P42STGBS,Uruguay,binary,political_participation,False,10,oracle_only
latinobarometer,S20.D,Venezuela,binary,wellbeing,False,1,confirmatory
latinobarometer,S20.D,Honduras,binary,wellbeing,False,2,confirmatory
latinobarometer,S20.D,Ecuador,binary,wellbeing,False,3,confirmatory
latinobarometer,S20.D,El Salvador,binary,wellbeing,False,4,oracle_only
latinobarometer,S20.D,Peru,binary,wellbeing,False,5,oracle_only
latinobarometer,S20.D,Argentina,binary,wellbeing,False,6,oracle_only
latinobarometer,S20.D,Brasil,binary,wellbeing,False,7,oracle_only
latinobarometer,S20.D,Rep. Dominicana,binary,wellbeing,False,8,oracle_only
latinobarometer,S20.D,Colombia,binary,wellbeing,False,9,oracle_only
latinobarometer,S20.D,Guatemala,binary,wellbeing,False,10,oracle_only
latinobarometer,PERPART,Costa Rica,nominal,political_participation,False,1,confirmatory
latinobarometer,PERPART,Rep. Dominicana,nominal,political_participation,False,2,confirmatory
latinobarometer,PERPART,Argentina,nominal,political_participation,False,3,confirmatory
latinobarometer,PERPART,Ecuador,nominal,political_participation,False,4,oracle_only
latinobarometer,PERPART,El Salvador,nominal,political_participation,False,5,oracle_only
latinobarometer,PERPART,Brasil,nominal,political_participation,False,6,oracle_only
latinobarometer,PERPART,Colombia,nominal,political_participation,False,7,oracle_only
latinobarometer,PERPART,Peru,nominal,political_participation,False,8,oracle_only
latinobarometer,PERPART,Bolivia,nominal,political_participation,False,9,oracle_only
latinobarometer,PERPART,Paraguay,nominal,political_participation,False,10,oracle_only
latinobarometer,S2,Guatemala,nominal,demographics,False,1,confirmatory
latinobarometer,S2,Paraguay,nominal,demographics,False,2,confirmatory
latinobarometer,S2,Ecuador,nominal,demographics,False,3,confirmatory
latinobarometer,S2,Colombia,nominal,demographics,False,4,oracle_only
latinobarometer,S2,Peru,nominal,demographics,False,5,oracle_only
latinobarometer,S2,El Salvador,nominal,demographics,False,6,oracle_only
latinobarometer,S2,Rep. Dominicana,nominal,demographics,False,7,oracle_only
latinobarometer,S2,Chile,nominal,demographics,False,8,oracle_only
latinobarometer,S2,Argentina,nominal,demographics,False,9,oracle_only
latinobarometer,S2,Mexico,nominal,demographics,False,10,oracle_only
latinobarometer,P27SDN,Rep. Dominicana,nominal,political_attitudes,False,1,confirmatory
latinobarometer,P27SDN,Argentina,nominal,political_attitudes,False,2,confirmatory
latinobarometer,P27SDN,Uruguay,nominal,political_attitudes,False,3,confirmatory
latinobarometer,P27SDN,Paraguay,nominal,political_attitudes,False,4,oracle_only
latinobarometer,P27SDN,Colombia,nominal,political_attitudes,False,5,oracle_only
latinobarometer,P27SDN,Ecuador,nominal,political_attitudes,False,6,oracle_only
latinobarometer,P27SDN,Chile,nominal,political_attitudes,False,7,oracle_only
latinobarometer,P27SDN,Mexico,nominal,political_attitudes,False,8,oracle_only
latinobarometer,P27SDN,Brasil,nominal,political_attitudes,False,9,oracle_only
latinobarometer,P27SDN,Venezuela,nominal,political_attitudes,False,10,oracle_only
latinobarometer,P37WVSSTCS.D,Mexico,ordinal,social_attitudes,False,1,confirmatory
latinobarometer,P37WVSSTCS.D,Peru,ordinal,social_attitudes,False,2,confirmatory
latinobarometer,P37WVSSTCS.D,Honduras,ordinal,social_attitudes,False,3,confirmatory
latinobarometer,P37WVSSTCS.D,Brasil,ordinal,social_attitudes,False,4,oracle_only
latinobarometer,P37WVSSTCS.D,Ecuador,ordinal,social_attitudes,False,5,oracle_only
latinobarometer,P37WVSSTCS.D,Venezuela,ordinal,social_attitudes,False,6,oracle_only
latinobarometer,P37WVSSTCS.D,Paraguay,ordinal,social_attitudes,False,7,oracle_only
latinobarometer,P37WVSSTCS.D,Panama,ordinal,social_attitudes,False,8,oracle_only
latinobarometer,P37WVSSTCS.D,Colombia,ordinal,social_attitudes,False,9,oracle_only
latinobarometer,P37WVSSTCS.D,Guatemala,ordinal,social_attitudes,False,10,oracle_only
latinobarometer,P61ST,Panama,ordinal,values_identity,False,1,confirmatory
latinobarometer,P61ST,Venezuela,ordinal,values_identity,False,2,confirmatory
latinobarometer,P61ST,Argentina,ordinal,values_identity,False,3,confirmatory
latinobarometer,P61ST,Mexico,ordinal,values_identity,False,4,oracle_only
latinobarometer,P61ST,Honduras,ordinal,values_identity,False,5,oracle_only
latinobarometer,P61ST,El Salvador,ordinal,values_identity,False,6,oracle_only
latinobarometer,P61ST,Chile,ordinal,values_identity,False,7,oracle_only
latinobarometer,P61ST,Peru,ordinal,values_identity,False,8,oracle_only
latinobarometer,P61ST,Costa Rica,ordinal,values_identity,False,9,oracle_only
latinobarometer,P61ST,Paraguay,ordinal,values_identity,False,10,oracle_only
latinobarometer,P56N.D,Mexico,ordinal,contemporary_issues,False,1,confirmatory
latinobarometer,P56N.D,Venezuela,ordinal,contemporary_issues,False,2,confirmatory
latinobarometer,P56N.D,Rep. Dominicana,ordinal,contemporary_issues,False,3,confirmatory
latinobarometer,P56N.D,Panama,ordinal,contemporary_issues,False,4,oracle_only
latinobarometer,P56N.D,Bolivia,ordinal,contemporary_issues,False,5,oracle_only
latinobarometer,P56N.D,Ecuador,ordinal,contemporary_issues,False,6,oracle_only
latinobarometer,P56N.D,El Salvador,ordinal,contemporary_issues,False,7,oracle_only
latinobarometer,P56N.D,Guatemala,ordinal,contemporary_issues,False,8,oracle_only
latinobarometer,P56N.D,Argentina,ordinal,contemporary_issues,False,9,oracle_only
latinobarometer,P56N.D,Chile,ordinal,contemporary_issues,False,10,oracle_only
latinobarometer,P26SDN.B,Mexico,ordinal,political_attitudes,False,1,confirmatory
latinobarometer,P26SDN.B,Honduras,ordinal,political_attitudes,False,2,confirmatory
latinobarometer,P26SDN.B,Uruguay,ordinal,political_attitudes,False,3,confirmatory
latinobarometer,P26SDN.B,Panama,ordinal,political_attitudes,False,4,oracle_only
latinobarometer,P26SDN.B,Paraguay,ordinal,political_attitudes,False,5,oracle_only
latinobarometer,P26SDN.B,Bolivia,ordinal,political_attitudes,False,6,oracle_only
latinobarometer,P26SDN.B,Costa Rica,ordinal,political_attitudes,False,7,oracle_only
latinobarometer,P26SDN.B,El Salvador,ordinal,political_attitudes,False,8,oracle_only
latinobarometer,P26SDN.B,Brasil,ordinal,political_attitudes,False,9,oracle_only
latinobarometer,P26SDN.B,Colombia,ordinal,political_attitudes,False,10,oracle_only
latinobarometer,P59ST,Honduras,ordinal,wellbeing,False,1,confirmatory
latinobarometer,P59ST,Panama,ordinal,wellbeing,False,2,confirmatory
latinobarometer,P59ST,Ecuador,ordinal,wellbeing,False,3,confirmatory
latinobarometer,P59ST,Brasil,ordinal,wellbeing,False,4,oracle_only
latinobarometer,P59ST,Chile,ordinal,wellbeing,False,5,oracle_only
latinobarometer,P59ST,Venezuela,ordinal,wellbeing,False,6,oracle_only
latinobarometer,P59ST,Bolivia,ordinal,wellbeing,False,7,oracle_only
latinobarometer,P59ST,El Salvador,ordinal,wellbeing,False,8,oracle_only
latinobarometer,P59ST,Mexico,ordinal,wellbeing,False,9,oracle_only
latinobarometer,P59ST,Peru,ordinal,wellbeing,False,10,oracle_only
latinobarometer,P14ST.H,Panama,ordinal,institutional_trust,False,1,confirmatory
latinobarometer,P14ST.H,Colombia,ordinal,institutional_trust,False,2,confirmatory
latinobarometer,P14ST.H,Bolivia,ordinal,institutional_trust,False,3,confirmatory
latinobarometer,P14ST.H,Chile,ordinal,institutional_trust,False,4,oracle_only
latinobarometer,P14ST.H,Peru,ordinal,institutional_trust,False,5,oracle_only
latinobarometer,P14ST.H,Rep. Dominicana,ordinal,institutional_trust,False,6,oracle_only
latinobarometer,P14ST.H,Mexico,ordinal,institutional_trust,False,7,oracle_only
latinobarometer,P14ST.H,Uruguay,ordinal,institutional_trust,False,8,oracle_only
latinobarometer,P14ST.H,Venezuela,ordinal,institutional_trust,False,9,oracle_only
latinobarometer,P14ST.H,Ecuador,ordinal,institutional_trust,False,10,oracle_only
latinobarometer,P44ST.C,Honduras,ordinal,political_participation,False,1,confirmatory
latinobarometer,P44ST.C,Uruguay,ordinal,political_participation,False,2,confirmatory
latinobarometer,P44ST.C,Brasil,ordinal,political_participation,False,3,confirmatory
latinobarometer,P44ST.C,Costa Rica,ordinal,political_participation,False,4,oracle_only
latinobarometer,P44ST.C,Ecuador,ordinal,political_participation,False,5,oracle_only
latinobarometer,P44ST.C,Mexico,ordinal,political_participation,False,6,oracle_only
latinobarometer,P44ST.C,Chile,ordinal,political_participation,False,7,oracle_only
latinobarometer,P44ST.C,El Salvador,ordinal,political_participation,False,8,oracle_only
latinobarometer,P44ST.C,Guatemala,ordinal,political_participation,False,9,oracle_only
latinobarometer,P44ST.C,Paraguay,ordinal,political_participation,False,10,oracle_only
latinobarometer,P37CSN.B,Colombia,ordinal,social_attitudes,False,1,confirmatory
latinobarometer,P37CSN.B,Brasil,ordinal,social_attitudes,False,2,confirmatory
latinobarometer,P37CSN.B,Argentina,ordinal,social_attitudes,False,3,confirmatory
latinobarometer,P37CSN.B,Ecuador,ordinal,social_attitudes,False,4,oracle_only
latinobarometer,P37CSN.B,Rep. Dominicana,ordinal,social_attitudes,False,5,oracle_only
latinobarometer,P37CSN.B,Venezuela,ordinal,social_attitudes,False,6,oracle_only
latinobarometer,P37CSN.B,El Salvador,ordinal,social_attitudes,False,7,oracle_only
latinobarometer,P37CSN.B,Guatemala,ordinal,social_attitudes,False,8,oracle_only
latinobarometer,P37CSN.B,Uruguay,ordinal,social_attitudes,False,9,oracle_only
latinobarometer,P37CSN.B,Chile,ordinal,social_attitudes,False,10,oracle_only
latinobarometer,P22ST,Bolivia,ordinal,values_identity,False,1,confirmatory
latinobarometer,P22ST,Costa Rica,ordinal,values_identity,False,2,confirmatory
latinobarometer,P22ST,Paraguay,ordinal,values_identity,False,3,confirmatory
latinobarometer,P22ST,Venezuela,ordinal,values_identity,False,4,oracle_only
latinobarometer,P22ST,Chile,ordinal,values_identity,False,5,oracle_only
latinobarometer,P22ST,Panama,ordinal,values_identity,False,6,oracle_only
latinobarometer,P22ST,Brasil,ordinal,values_identity,False,7,oracle_only
latinobarometer,P22ST,Honduras,ordinal,values_identity,False,8,oracle_only
latinobarometer,P22ST,Rep. Dominicana,ordinal,values_identity,False,9,oracle_only
latinobarometer,P22ST,Colombia,ordinal,values_identity,False,10,oracle_only
latinobarometer,P30INN.C,Chile,ordinal,contemporary_issues,False,1,confirmatory
latinobarometer,P30INN.C,Bolivia,ordinal,contemporary_issues,False,2,confirmatory
latinobarometer,P30INN.C,Argentina,ordinal,contemporary_issues,False,3,confirmatory
latinobarometer,P30INN.C,Venezuela,ordinal,contemporary_issues,False,4,oracle_only
latinobarometer,P30INN.C,Peru,ordinal,contemporary_issues,False,5,oracle_only
latinobarometer,P30INN.C,Brasil,ordinal,contemporary_issues,False,6,oracle_only
latinobarometer,P30INN.C,Colombia,ordinal,contemporary_issues,False,7,oracle_only
latinobarometer,P30INN.C,Costa Rica,ordinal,contemporary_issues,False,8,oracle_only
latinobarometer,P30INN.C,Panama,ordinal,contemporary_issues,False,9,oracle_only
latinobarometer,P30INN.C,Rep. Dominicana,ordinal,contemporary_issues,False,10,oracle_only
latinobarometer,P62N.13,Bolivia,ordinal,political_attitudes,False,1,confirmatory
latinobarometer,P62N.13,Venezuela,ordinal,political_attitudes,False,2,confirmatory
latinobarometer,P62N.13,Mexico,ordinal,political_attitudes,False,3,confirmatory
latinobarometer,P62N.13,Ecuador,ordinal,political_attitudes,False,4,oracle_only
latinobarometer,P62N.13,Uruguay,ordinal,political_attitudes,False,5,oracle_only
latinobarometer,P62N.13,Argentina,ordinal,political_attitudes,False,6,oracle_only
latinobarometer,P62N.13,Peru,ordinal,political_attitudes,False,7,oracle_only
latinobarometer,P62N.13,El Salvador,ordinal,political_attitudes,False,8,oracle_only
latinobarometer,P62N.13,Colombia,ordinal,political_attitudes,False,9,oracle_only
latinobarometer,P62N.13,Rep. Dominicana,ordinal,political_attitudes,False,10,oracle_only
latinobarometer,S4,Bolivia,ordinal,wellbeing,True,1,confirmatory
latinobarometer,S4,Costa Rica,ordinal,wellbeing,True,2,confirmatory
latinobarometer,S4,Uruguay,ordinal,wellbeing,True,3,confirmatory
latinobarometer,S4,Panama,ordinal,wellbeing,True,4,oracle_only
latinobarometer,S4,Chile,ordinal,wellbeing,True,5,oracle_only
latinobarometer,S4,Paraguay,ordinal,wellbeing,True,6,oracle_only
latinobarometer,S4,Peru,ordinal,wellbeing,True,7,oracle_only
latinobarometer,S4,Ecuador,ordinal,wellbeing,True,8,oracle_only
latinobarometer,S4,Honduras,ordinal,wellbeing,True,9,oracle_only
latinobarometer,S4,Venezuela,ordinal,wellbeing,True,10,oracle_only
latinobarometer,P14ST.F,Uruguay,ordinal,institutional_trust,False,1,confirmatory
latinobarometer,P14ST.F,Peru,ordinal,institutional_trust,False,2,confirmatory
latinobarometer,P14ST.F,Guatemala,ordinal,institutional_trust,False,3,confirmatory
latinobarometer,P14ST.F,Honduras,ordinal,institutional_trust,False,4,oracle_only
latinobarometer,P14ST.F,Brasil,ordinal,institutional_trust,False,5,oracle_only
latinobarometer,P14ST.F,Argentina,ordinal,institutional_trust,False,6,oracle_only
latinobarometer,P14ST.F,Venezuela,ordinal,institutional_trust,False,7,oracle_only
latinobarometer,P14ST.F,Ecuador,ordinal,institutional_trust,False,8,oracle_only
latinobarometer,P14ST.F,Costa Rica,ordinal,institutional_trust,False,9,oracle_only
latinobarometer,P14ST.F,Mexico,ordinal,institutional_trust,False,10,oracle_only
wvs,Q21,New Zealand,binary,social_attitudes,False,1,confirmatory
wvs,Q21,Indonesia,binary,social_attitudes,False,2,confirmatory
wvs,Q21,Tajikistan,binary,social_attitudes,False,3,confirmatory
wvs,Q21,United States,binary,social_attitudes,False,4,oracle_only
wvs,Q21,Greece,binary,social_attitudes,False,5,oracle_only
wvs,Q21,Armenia,binary,social_attitudes,False,6,oracle_only
wvs,Q21,China,binary,social_attitudes,False,7,oracle_only
wvs,Q21,Bangladesh,binary,social_attitudes,False,8,oracle_only
wvs,Q21,Czechia,binary,social_attitudes,False,9,oracle_only
wvs,Q21,Colombia,binary,social_attitudes,False,10,oracle_only
wvs,Q145,410,binary,wellbeing,False,1,confirmatory
wvs,Q145,Canada,binary,wellbeing,False,2,confirmatory
wvs,Q145,Iran,binary,wellbeing,False,3,confirmatory
wvs,Q145,Guatemala,binary,wellbeing,False,4,oracle_only
wvs,Q145,Slovakia,binary,wellbeing,False,5,oracle_only
wvs,Q145,Kazakhstan,binary,wellbeing,False,6,oracle_only
wvs,Q145,Bangladesh,binary,wellbeing,False,7,oracle_only
wvs,Q145,Australia,binary,wellbeing,False,8,oracle_only
wvs,Q145,Thailand,binary,wellbeing,False,9,oracle_only
wvs,Q145,Mongolia,binary,wellbeing,False,10,oracle_only
wvs,Q150,Iraq,binary,political_attitudes,False,1,confirmatory
wvs,Q150,Taiwan ROC,binary,political_attitudes,False,2,confirmatory
wvs,Q150,Czechia,binary,political_attitudes,False,3,confirmatory
wvs,Q150,Myanmar,binary,political_attitudes,False,4,oracle_only
wvs,Q150,Canada,binary,political_attitudes,False,5,oracle_only
wvs,Q150,Zimbabwe,binary,political_attitudes,False,6,oracle_only
wvs,Q150,410,binary,political_attitudes,False,7,oracle_only
wvs,Q150,Uzbekistan,binary,political_attitudes,False,8,oracle_only
wvs,Q150,Bolivia,binary,political_attitudes,False,9,oracle_only
wvs,Q150,Netherlands,binary,political_attitudes,False,10,oracle_only
wvs,Q10,Germany,binary,values_identity,False,1,confirmatory
wvs,Q10,Egypt,binary,values_identity,False,2,confirmatory
wvs,Q10,Argentina,binary,values_identity,False,3,confirmatory
wvs,Q10,Uzbekistan,binary,values_identity,False,4,oracle_only
wvs,Q10,Japan,binary,values_identity,False,5,oracle_only
wvs,Q10,410,binary,values_identity,False,6,oracle_only
wvs,Q10,Bangladesh,binary,values_identity,False,7,oracle_only
wvs,Q10,Philippines,binary,values_identity,False,8,oracle_only
wvs,Q10,Czechia,binary,values_identity,False,9,oracle_only
wvs,Q10,United States,binary,values_identity,False,10,oracle_only
wvs,Q47,Ukraine,nominal,wellbeing,False,1,confirmatory
wvs,Q47,Morocco,nominal,wellbeing,False,2,confirmatory
wvs,Q47,Northern Ireland,nominal,wellbeing,False,3,confirmatory
wvs,Q47,United States,nominal,wellbeing,False,4,oracle_only
wvs,Q47,Mongolia,nominal,wellbeing,False,5,oracle_only
wvs,Q47,Myanmar,nominal,wellbeing,False,6,oracle_only
wvs,Q47,Uzbekistan,nominal,wellbeing,False,7,oracle_only
wvs,Q47,Zimbabwe,nominal,wellbeing,False,8,oracle_only
wvs,Q47,Venezuela,nominal,wellbeing,False,9,oracle_only
wvs,Q47,Maldives,nominal,wellbeing,False,10,oracle_only
wvs,Q287,Tunisia,nominal,demographics,False,1,confirmatory
wvs,Q287,Australia,nominal,demographics,False,2,confirmatory
wvs,Q287,Greece,nominal,demographics,False,3,confirmatory
wvs,Q287,Kyrgyzstan,nominal,demographics,False,4,oracle_only
wvs,Q287,Vietnam,nominal,demographics,False,5,oracle_only
wvs,Q287,China,nominal,demographics,False,6,oracle_only
wvs,Q287,Zimbabwe,nominal,demographics,False,7,oracle_only
wvs,Q287,India,nominal,demographics,False,8,oracle_only
wvs,Q287,Serbia,nominal,demographics,False,9,oracle_only
wvs,Q287,Venezuela,nominal,demographics,False,10,oracle_only
wvs,Q223,Peru,nominal,political_participation,False,1,confirmatory
wvs,Q223,Thailand,nominal,political_participation,False,2,confirmatory
wvs,Q223,India,nominal,political_participation,False,3,confirmatory
wvs,Q223,Maldives,nominal,political_participation,False,4,oracle_only
wvs,Q223,Ukraine,nominal,political_participation,False,5,oracle_only
wvs,Q223,Australia,nominal,political_participation,False,6,oracle_only
wvs,Q223,Uzbekistan,nominal,political_participation,False,7,oracle_only
wvs,Q223,Germany,nominal,political_participation,False,8,oracle_only
wvs,Q223,Lebanon,nominal,political_participation,False,9,oracle_only
wvs,Q223,Mongolia,nominal,political_participation,False,10,oracle_only
wvs,Q216,Mexico,ordinal,political_participation,False,1,confirmatory
wvs,Q216,Zimbabwe,ordinal,political_participation,False,2,confirmatory
wvs,Q216,Maldives,ordinal,political_participation,False,3,confirmatory
wvs,Q216,Uzbekistan,ordinal,political_participation,False,4,oracle_only
wvs,Q216,Armenia,ordinal,political_participation,False,5,oracle_only
wvs,Q216,United States,ordinal,political_participation,False,6,oracle_only
wvs,Q216,Serbia,ordinal,political_participation,False,7,oracle_only
wvs,Q216,Cyprus,ordinal,political_participation,False,8,oracle_only
wvs,Q216,Philippines,ordinal,political_participation,False,9,oracle_only
wvs,Q216,China,ordinal,political_participation,False,10,oracle_only
wvs,Q110,Pakistan,ordinal,political_attitudes,False,1,confirmatory
wvs,Q110,Philippines,ordinal,political_attitudes,False,2,confirmatory
wvs,Q110,Canada,ordinal,political_attitudes,False,3,confirmatory
wvs,Q110,Northern Ireland,ordinal,political_attitudes,False,4,oracle_only
wvs,Q110,Japan,ordinal,political_attitudes,False,5,oracle_only
wvs,Q110,Netherlands,ordinal,political_attitudes,False,6,oracle_only
wvs,Q110,Australia,ordinal,political_attitudes,False,7,oracle_only
wvs,Q110,Czechia,ordinal,political_attitudes,False,8,oracle_only
wvs,Q110,Tajikistan,ordinal,political_attitudes,False,9,oracle_only
wvs,Q110,Nicaragua,ordinal,political_attitudes,False,10,oracle_only
wvs,Q159,Pakistan,ordinal,contemporary_issues,False,1,confirmatory
wvs,Q159,410,ordinal,contemporary_issues,False,2,confirmatory
wvs,Q159,Zimbabwe,ordinal,contemporary_issues,False,3,confirmatory
wvs,Q159,Indonesia,ordinal,contemporary_issues,False,4,oracle_only
wvs,Q159,New Zealand,ordinal,contemporary_issues,False,5,oracle_only
wvs,Q159,Tajikistan,ordinal,contemporary_issues,False,6,oracle_only
wvs,Q159,Chile,ordinal,contemporary_issues,False,7,oracle_only
wvs,Q159,United States,ordinal,contemporary_issues,False,8,oracle_only
wvs,Q159,Egypt,ordinal,contemporary_issues,False,9,oracle_only
wvs,Q159,Great Britain,ordinal,contemporary_issues,False,10,oracle_only
wvs,Q45,Singapore,ordinal,values_identity,False,1,confirmatory
wvs,Q45,Serbia,ordinal,values_identity,False,2,confirmatory
wvs,Q45,Venezuela,ordinal,values_identity,False,3,confirmatory
wvs,Q45,Zimbabwe,ordinal,values_identity,False,4,oracle_only
wvs,Q45,Armenia,ordinal,values_identity,False,5,oracle_only
wvs,Q45,Canada,ordinal,values_identity,False,6,oracle_only
wvs,Q45,Germany,ordinal,values_identity,False,7,oracle_only
wvs,Q45,China,ordinal,values_identity,False,8,oracle_only
wvs,Q45,New Zealand,ordinal,values_identity,False,9,oracle_only
wvs,Q45,Tunisia,ordinal,values_identity,False,10,oracle_only
wvs,Q132,Romania,ordinal,wellbeing,False,1,confirmatory
wvs,Q132,Tunisia,ordinal,wellbeing,False,2,confirmatory
wvs,Q132,Pakistan,ordinal,wellbeing,False,3,confirmatory
wvs,Q132,Germany,ordinal,wellbeing,False,4,oracle_only
wvs,Q132,Hong Kong SAR,ordinal,wellbeing,False,5,oracle_only
wvs,Q132,Singapore,ordinal,wellbeing,False,6,oracle_only
wvs,Q132,Armenia,ordinal,wellbeing,False,7,oracle_only
wvs,Q132,Australia,ordinal,wellbeing,False,8,oracle_only
wvs,Q132,Peru,ordinal,wellbeing,False,9,oracle_only
wvs,Q132,Kenya,ordinal,wellbeing,False,10,oracle_only
wvs,Q94,United States,ordinal,social_attitudes,False,1,confirmatory
wvs,Q94,Kenya,ordinal,social_attitudes,False,2,confirmatory
wvs,Q94,Northern Ireland,ordinal,social_attitudes,False,3,confirmatory
wvs,Q94,Cyprus,ordinal,social_attitudes,False,4,oracle_only
wvs,Q94,Singapore,ordinal,social_attitudes,False,5,oracle_only
wvs,Q94,Chile,ordinal,social_attitudes,False,6,oracle_only
wvs,Q94,Slovakia,ordinal,social_attitudes,False,7,oracle_only
wvs,Q94,Lebanon,ordinal,social_attitudes,False,8,oracle_only
wvs,Q94,Pakistan,ordinal,social_attitudes,False,9,oracle_only
wvs,Q94,Japan,ordinal,social_attitudes,False,10,oracle_only
wvs,Q292A,Libya,ordinal,institutional_trust,False,1,confirmatory
wvs,Q292A,Nicaragua,ordinal,institutional_trust,False,2,confirmatory
wvs,Q292A,Kyrgyzstan,ordinal,institutional_trust,False,3,confirmatory
wvs,Q292A,Kenya,ordinal,institutional_trust,False,4,oracle_only
wvs,Q292A,Myanmar,ordinal,institutional_trust,False,5,oracle_only
wvs,Q292A,Morocco,ordinal,institutional_trust,False,6,oracle_only
wvs,Q292A,Venezuela,ordinal,institutional_trust,False,7,oracle_only
wvs,Q292A,Tajikistan,ordinal,institutional_trust,False,8,oracle_only
wvs,Q292A,Zimbabwe,ordinal,institutional_trust,False,9,oracle_only
wvs,Q292A,Philippines,ordinal,institutional_trust,False,10,oracle_only
wvs,Q210,Japan,ordinal,political_participation,False,1,confirmatory
wvs,Q210,Australia,ordinal,political_participation,False,2,confirmatory
wvs,Q210,Philippines,ordinal,political_participation,False,3,confirmatory
wvs,Q210,Uzbekistan,ordinal,political_participation,False,4,oracle_only
wvs,Q210,United States,ordinal,political_participation,False,5,oracle_only
wvs,Q210,Peru,ordinal,political_participation,False,6,oracle_only
wvs,Q210,Czechia,ordinal,political_participation,False,7,oracle_only
wvs,Q210,Egypt,ordinal,political_participation,False,8,oracle_only
wvs,Q210,Kenya,ordinal,political_participation,False,9,oracle_only
wvs,Q210,Bangladesh,ordinal,political_participation,False,10,oracle_only
wvs,Q90,Ethiopia,ordinal,political_attitudes,False,1,confirmatory
wvs,Q90,New Zealand,ordinal,political_attitudes,False,2,confirmatory
wvs,Q90,Peru,ordinal,political_attitudes,False,3,confirmatory
wvs,Q90,Malaysia,ordinal,political_attitudes,False,4,oracle_only
wvs,Q90,Hong Kong SAR,ordinal,political_attitudes,False,5,oracle_only
wvs,Q90,Egypt,ordinal,political_attitudes,False,6,oracle_only
wvs,Q90,Kyrgyzstan,ordinal,political_attitudes,False,7,oracle_only
wvs,Q90,Canada,ordinal,political_attitudes,False,8,oracle_only
wvs,Q90,Serbia,ordinal,political_attitudes,False,9,oracle_only
wvs,Q90,Netherlands,ordinal,political_attitudes,False,10,oracle_only
wvs,Q202,Libya,ordinal,contemporary_issues,False,1,confirmatory
wvs,Q202,Kazakhstan,ordinal,contemporary_issues,False,2,confirmatory
wvs,Q202,Taiwan ROC,ordinal,contemporary_issues,False,3,confirmatory
wvs,Q202,India,ordinal,contemporary_issues,False,4,oracle_only
wvs,Q202,Kenya,ordinal,contemporary_issues,False,5,oracle_only
wvs,Q202,Singapore,ordinal,contemporary_issues,False,6,oracle_only
wvs,Q202,New Zealand,ordinal,contemporary_issues,False,7,oracle_only
wvs,Q202,Bangladesh,ordinal,contemporary_issues,False,8,oracle_only
wvs,Q202,Ukraine,ordinal,contemporary_issues,False,9,oracle_only
wvs,Q202,Peru,ordinal,contemporary_issues,False,10,oracle_only
wvs,Q190,China,ordinal,values_identity,False,1,confirmatory
wvs,Q190,United States,ordinal,values_identity,False,2,confirmatory
wvs,Q190,Armenia,ordinal,values_identity,False,3,confirmatory
wvs,Q190,Jordan,ordinal,values_identity,False,4,oracle_only
wvs,Q190,Kyrgyzstan,ordinal,values_identity,False,5,oracle_only
wvs,Q190,Slovakia,ordinal,values_identity,False,6,oracle_only
wvs,Q190,Myanmar,ordinal,values_identity,False,7,oracle_only
wvs,Q190,Australia,ordinal,values_identity,False,8,oracle_only
wvs,Q190,Peru,ordinal,values_identity,False,9,oracle_only
wvs,Q190,Pakistan,ordinal,values_identity,False,10,oracle_only
wvs,Q56,Slovakia,ordinal,wellbeing,False,1,confirmatory
wvs,Q56,China,ordinal,wellbeing,False,2,confirmatory
wvs,Q56,Argentina,ordinal,wellbeing,False,3,confirmatory
wvs,Q56,Greece,ordinal,wellbeing,False,4,oracle_only
wvs,Q56,Canada,ordinal,wellbeing,False,5,oracle_only
wvs,Q56,Bangladesh,ordinal,wellbeing,False,6,oracle_only
wvs,Q56,Tajikistan,ordinal,wellbeing,False,7,oracle_only
wvs,Q56,India,ordinal,wellbeing,False,8,oracle_only
wvs,Q56,Ethiopia,ordinal,wellbeing,False,9,oracle_only
wvs,Q56,Egypt,ordinal,wellbeing,False,10,oracle_only
wvs,Q33,Pakistan,ordinal,social_attitudes,False,1,confirmatory
wvs,Q33,Uzbekistan,ordinal,social_attitudes,False,2,confirmatory
wvs,Q33,Singapore,ordinal,social_attitudes,False,3,confirmatory
wvs,Q33,Hong Kong SAR,ordinal,social_attitudes,False,4,oracle_only
wvs,Q33,Zimbabwe,ordinal,social_attitudes,False,5,oracle_only
wvs,Q33,Egypt,ordinal,social_attitudes,False,6,oracle_only
wvs,Q33,Cyprus,ordinal,social_attitudes,False,7,oracle_only
wvs,Q33,Canada,ordinal,social_attitudes,False,8,oracle_only
wvs,Q33,410,ordinal,social_attitudes,False,9,oracle_only
wvs,Q33,Australia,ordinal,social_attitudes,False,10,oracle_only
